1	2	3	4	5	6	7	8	9
ENJA	1001	70.93N	8.67W	9	19980000	99999999	JAN MAYEN(NOR-NAVY)	NO
ENAS	1004	78.92N	11.93E	8	20010101	99999999	NY-ALESUND II	NO
ENAN	1010	69.30N	16.15E	14	20140000	99999999	ANDOYA/ANDENES(AFB)	NO
ENBJ	1028	74.52N	19.02E	18	19980000	99999999	BJORNOYA ISLAND	NO
ENBO	1152	67.25N	14.40E	8	19980000	99999999	BODO VI (CIV/MIL)	NO
ENOL	1241	63.70N	9.60E	7	19980000	99999999	ORLAND III(NOR-AFB)	NO
ENGM	1384	60.20N	11.10E	201	19980000	20010401	OSLO/GARDERMOEN	NO
ENEK	1400	56.53N	3.22E	46	19980000	99999999	EKOFISK	NO
ENZV	1415	58.87N	5.67E	33	19980000	99999999	STAVANGER/SOLA(AFB)	NO
9999	1492	59.95N	10.72E	96	20010719	99999999	OSLO-BLINDERN	NO
ESPA	2185	65.55N	22.13E	16	19960700	99999999	LULEA/KALLAX (AFB)	SE
9999	2225	63.18N	14.50E	366	0	99999999	OSTERSUND	SE
ESNN	2365	62.53N	17.47E	6	19941000	99999999	SUNDSVALL/HARNOSAND	SE
ESGG	2527	57.67N	12.30E	155	19960300	99999999	GOTEBORG/LANDVETTER	SE
ESQV	2591	57.65N	18.35E	45	19910500	99999999	VISBY AERO STATION	SE
EFSO	2836	67.37N	26.65E	178	19960100	99999999	SODANKYLA	FI
EFJY	2935	62.40N	25.67E	139	19960300	99999999	JYVASKYLA (MIL/CIV)	FI
9999	2963	60.82N	23.50E	103	19900800	99999999	JOKIOINEN	FI
9999	3001	60.85N	0.88W	53	0	20019999	MUCKLE FLUGGA (LH)	GB
9999	3005	60.13N	1.18W	82	19900800	99999999	LERWICK/SHETLAND IS	GB
9999	3023	57.33N	7.37W	10	19961100	99999999	SOUTH UIST RANGE	GB
EGPO	3026	58.22N	6.32W	9	0	99999999	STORNOWAY	GB
EGQK	3066	57.65N	3.57W	7	19920400	99999999	KINLOSS RAF	GB
EGPD	3091	57.20N	2.22W	65	19901000	20009999	ABERDEEN/DYCE	GB
EGOY	3130	54.85N	4.95W	16	0	20009999	WEST FREUGH	GB
9999	3132	54.85N	4.95W	12	19940500	20009999	WEST FREUGH (AUT)	GB
9999	3162	55.32N	3.20W	242	0	20009999	ESKDALEMUIR	GB
EGQL	3171	56.38N	2.87W	12	0	99999999	LEUCHARS RAF	GB
EGNS	3204	54.08N	4.63W	17	19970300	20009999	ISLE OF MAN/RONALDS	GB
9999	3213	54.32N	3.40W	9	0	20009999	ESKMEALS	GB
9999	3238	55.01N	1.87W	141	0	99999999	ALBEMARLE	GB
EGQM	3240	55.42N	1.60W	23	19920200	99999999	BOULMER	GB
EGXE	3257	54.30N	1.53W	40	19900500	99999999	LEEMING RAF	GB
9999	3317	53.57N	3.05W	11	0	99999999	WOODVALE	GB
9999	3354	53.00N	1.25W	117	0	99999999	NOTTINGHAM WX CTR	GB
EGXW	3377	53.17N	0.52W	70	0	99999999	WADDINGTON RAF	GB
EGOS	3414	52.80N	2.67W	76	0	99999999	SHAWBURY RAF	GB
9999	3495	52.77N	1.35E	17	0	99999999	COLTISHALL	GB
9999	3496	52.68N	1.68E	13	19940900	99999999	HEMSBY	GB
EGUC	3502	52.13N	4.57W	132	0	99999999	ABERPORTH	GB
9999	3559	52.10M	0.42W	30	20180111	20190227	CARDINGTON	GB
EGUW	3590	52.12N	0.97E	87	0	99999999	WATTISHAM RAF	GB
EGVN	3649	51.75N	1.58W	88	19920700	99999999	BRIZE NORTON RAF	GB
9999	3693	51.55N	0.83E	3	19920800	99999999	SHOEBURYNESS	GB
9999	3696	51.85N	1.28E	6	0	20009999	WALTON-ON-NAZE	GB
EGFF	3715	51.40N	3.35W	67	0	20009999	CARDIFF-WALES ARPT	GB
9999	3743	51.20N	1.80W	132	0	99999999	LARKHILL	GB
EGRR	3763	51.38N	0.78W	74	19941200	20009999	BRACKNELL/BEAUFORT	GB
9999	3808	50.22N	5.32W	87	19940800	99999999	CAMBORNE	GB
9999	3882	50.90N	0.32E	54	19951100	99999999	HERSTOMONCEUX WEST	GB
9999	3918	54.30N	6.19W	15	0	99999999	CASTOR BAY	IE
9999	3920	54.48N	6.10W	38	19951100	99999999	HILLSBOROUGH	GB
9999	3953	51.93N	10.25W	9	0	99999999	VALENTIA OBSERVATORY	IE
9999	4001	65.53N	24.47W	17	0	20009999	HVALLATUR	IS
9999	4005	66.17N	23.25W	22	19950500	20009999	BOLUNGAVIK	IS
BIKF	4018	63.97N	22.60W	54	19460101	99999999	KEFLAVIK (CIV\NAS)	IS
BIEG	4089	65.28N	14.37W	38	20100000	99999999	EGILSSTADIR	IS
BGTL	4202	76.53N	68.75W	77	19930400	99999999	THULE AB	GL
BGEM	4220	68.70N	52.75W	40	19910500	99999999	EGEDESMINDE/AUSIAT	GL
BGBW	4270	61.18N	45.43W	4	19910500	99999999	NARSSARSSUAQ	GL
BGDH	4320	76.77N	18.67W	12	19901000	99999999	DANMARKSHAVN (PORT)	GL
BGSC	4339	70.48N	21.97W	66	19901000	99999999	SCORESBYSUND	GL
BGAM	4360	65.60N	37.63W	50	0	99999999	ANGMAGSSALIK	GL
9999	4417	72.58N	38.46W	3255	20110101	99999999	GEOSUMMIT	GL
9999	6011	62.02N	6.77W	55	19901000	99999999	THORSHAVN (PORT)	DK
9999	6030	57.10N	9.87E	3	20110101	99999999	ALBORG	DN
EKKA	6060	56.30N	9.12E	53	20100101	99999999	KARUP	DN
9999	6181	55.77N	12.53E	40	19961200	99999999	KOEBENHAVN\JAEGERSBORG	DK
9999	6210	52.17N	4.42E	1	0	99999999	VALKENBURG	NL
EHKD	6235	52.92N	4.78E	14	20070922	99999999	DE KOOY (NAVY)	NL
EHDB	6260	52.10N	5.18E	2	0	99999999	DE BILT	NL
EBFN	6400	51.08N	2.65E	9	0	99999999	KOKSIJDE (BEL-AFB)	BE
9999	6447	50.80N	4.35E	104	19901000	99999999	UCCLE/UKKLE	BE
9999	6458	50.75N	4.77E	127	19900000	99999999	BEAUVECHAIN	BE
ESBU	6476	50.03N	5.40E	558	19910700	99999999	SAINT HUBERT (MIL)	BE
EBLB	6496	50.47N	6.18E	570	19910300	99999999	ELSENBORN (MIL)	BE
LSMP	6610	46.82N	6.95E	490	19910800	99999999	PAYERNE (MIL/AUT)	CH
9999	6842	47.38N	9.65W	408	0	99999999	DIEPOLDSAV	CH
9999	6843	46.70N	9.42E	865	0	99999999	MASEIN	CH
LFRB	7110	48.45N	4.42W	99	19940700	99999999	BREST/GUIPAVAS	FR
9999	7145	48.77N	2.02E	168	0	99999999	TRAPPES (AUT)	FR
LFSN	7180	48.68N	6.22E	225	19940400	99999999	NANCY/ESSEY	FR
LFLL	7481	45.73N	5.08E	248	19900800	99999999	LYON/SATOLAS	FR
LFBD	7510	44.83N	0.70W	45	19941200	99999999	BORDEAUX/MERIGNAC	FR
LFME	7645	43.87N	4.40E	60	0	99999999	NIMES/COURBESSAC	FR
LFMN	7690	43.65N	7.20E	10	19901100	99999999	NICE/COTE D'AZUR	FR
LFKJ	7761	41.92N	8.80E	5	19901100	99999999	AJACCIO/CAMPO ORO	FR
9999	8001	43.37N	8.42W	67	19901100	99999999	LA CORUNA CITY	ES
9999	8023	43.47N	3.82W	65	19901100	99999999	SANTANDER CITY	ES
LEZG	8160	41.67N	1.02W	258	19901100	99999999	ZARAGOZA (MIL/CIV)&	ES
9999	8190	41.38N	2.12E	91	20070000	99999999	BARCELONA SERVEI	ES
LEMD	8221	40.47N	3.58W	638	0	99999999	MADRID/BARAJAS	ES
9999	8301	39.55N	2.62E	6	19901100	99999999	PALMA DE MALLORCA	ES
9999	8302	39.60N	2.70E	45	19830100	99999999	PALMA/SON BENET	ES
9999	8430	38.00N	1.17W	62	19920300	99999999	MURCIA CITY	ES
LERT	8449	36.65N	6.35W	27	19581103	19659999	ROTA NAS	ES
LXGB	8495	36.15N	5.33W	3	0	99999999	GIBRALTAR (CIV/MIL)	GI
9999	8506	38.52N	28.63W	62	0	20009999	HORTA	PT
9999	8507	39.10N	28.03W	28	20080000	99999999	GRACIOSA AERODROME	PT
9999	8508	38.73N	27.07W	113	19920200	99999999	LAJES/SANTA RITA	PT
LPLA	8509	38.77N	27.10W	55	19970300	20009999	LAJES AB	PT
9999	8522	32.63N	16.90W	56	19970300	99999999	FUNCHAL	PT
9999	8579	38.77N	9.13W	105	19970300	99999999	LISBON/GAGO COUTINHO	PT
9999	8589	14.90N	23.52W	27	20060000	99999999	PRAIA	CV
GVAC	8594	16.73N	22.95W	55	0	99999999	SAL ISL/AMILCAR CAB	CV
9999	10035	54.53N	9.55E	48	0	99999999	SCHLESWIG	DE
9999	10113	53.72N	7.15E	16	20110101	99999999	NORDERNEY	DL
9999	10184	54.10N	13.40E	6	19911000	99999999	GREIFSWALD	DE
EDWE	10200	53.38N	7.23E	1	0	99999999	EMDEN - FLUGPLATZ	DE
ETGB	10238	52.82N	9.93E	69	19951200	99999999	BERGEN (MIL)	DE
ETGW	10272	53.20N	12.52E	74	19951100	20009999	WITTSTOCK	DE
9999	10304	52.73N	7.33E	41	0	99999999	MEPPEN	DE
EDDV	10338	52.47N	9.70E	54	19950600	20009999	HANNOVER	DE
9999	10361	52.12N	11.58E	85	19911000	20009999	MAGDEBURG	DE
9999	10393	52.22N	14.12E	115	19911000	99999999	LIN	DE
EDZE	10410	51.40N	6.97E	153	19950100	99999999	ESSEN/MULHEIM	DE
9999	10437	51.13N	9.28E	223	0	99999999	FRITZLAR - KASSELER WARTE	DE
9999	10468	51.55N	12.07E	106	0	99999999	OPPIN	DE
9999	10486	51.12N	13.68E	232	19920200	20009999	WAHNSDORF	DE
9999	10499	51.17N	14.95E	238	19911000	20009999	GOERLITZ	DE
9999	10548	50.57N	10.37E	450	19911000	99999999	MEININGEN	DE
EDDE	10554	50.98N	10.97E	323	19950100	20009999	ERFURT/BINDERSLEBEN	DE
9999	10577	50.80N	12.87E	419	19920300	20009999	CHEMNITZ	DE
ETGI	10618	49.70N	7.33E	376	19950100	99999999	IDAR-OBERSTEIN(MIL)	DE
9999	10739	48.83N	9.20E	315	0	99999999	STUTTGART/SCHNARRENBERG	DE
EDDN	10763	49.50N	11.08E	312	19910500	20009999	NURNBERG	DE
ETGK	10771	49.43N	11.90E	419	19950100	99999999	KUEMMERSBRUCK	DE
9999	10828	48.10N	9.25E	646	0	99999999	SIGMARINGEN	DE
9999	10868	48.25N	11.55E	489	0	99999999	MUENCHEN/OBERSCHLEISSHEIM	DE
9999	10954	47.83N	10.87E	757	20110101	99999999	ALTENSTADT/SHONGUA	DL
9999	10962	47.80N	11.02E	986	0	99999999	HOHENPEISSENBERG	DE
LOWL	11010	48.23N	14.20E	313	19950100	99999999	LINZ (CIV/MIL)	AT
LOXL	11011	48.23N	14.18E	298	19920900	20009999	HORSCHING (AUS-AFB)	AT
9999	11035	48.25N	16.37E	200	19920100	99999999	WIEN/HOHE WARTE	AT
LOWW	11036	48.12N	16.57E	190	0	20009999	VIENNA/SCHWECHAT	AT
LOWI	11120	47.27N	11.35E	581	19970300	99999999	INNSBRUCK AIRPORT	AT
9999	11239	47.00N	15.43E	347	0	20009999	GRAZ/THALERHOF ARPT	AT
LOWG	11240	47.00N	15.43E	347	19941200	99999999	GRAZ (MIL/CIV)	AT
9999	11520	50.00N	14.45E	303	0	99999999	PRAGUE/LIBUS	CZ
9999	11722	49.08N	16.62E	195	19961200	99999999	BRNO REBESOVICE	CZ
9999	11747	49.45N	17.13E	216	0	99999999	PROSTEJOV	CZ
9999	11952	49.03N	20.32E	701	0	99999999	POPRAD/GANOVCE	SK
9999	12120	54.75N	17.53E	2	0	99999999	LEBA	PL
9999	12374	52.40N	20.97E	96	0	99999999	LEGIONOWO	PL
9999	12425	51.13N	16.98E	116	0	99999999	WROCLAW/MALY GADOW	PL
9999	12843	47.43N	19.18E	139	0	99999999	BUDAPEST/LORINC	HU
LHUD	12982	46.25N	20.10E	84	19951200	99999999	SZEGED (AUT)	HU
9999	13275	44.77N	20.42E	203	19960300	99999999	BEOGRAD KOSUTNJAK	YU
LYNI	13388	43.33N	21.90E	202	20160000	99999999	LYNI	SI
LWSK	13586	41.97N	21.65E	239	19950500	99999999	SKOPJE/PETROVAC	YU
9999	14015	46.07N	14.52E	316	19960300	99999999	LJUBLJANA\BEZIGRAD	SI
LDDD	14240	45.82N	16.03E	123	19960300	99999999	ZAGREB\MAKSIMIR	HR
9999	14430	44.09N	15.35E	84	20020000	99999999	ZADAR	CR
9999	15001	48.02N	26.95E	240	19901100	20009999	AVRAMENI	RO
LRCL	15120	46.78N	23.57E	413	19910600	99999999	CLUJ-NAPOCA/SOMESEN	RO
LRBS	15420	44.50N	26.13E	91	19901100	99999999	BUCHAREST/BANEASA	RO
9999	15480	44.18N	28.67E	14	19910500	99999999	CONSTANTA	RO
LBSF	15614	42.65N	23.38E	595	19920700	99999999	SOFIA (OBSERVATORY)	BG
LIPD	16044	46.04N	13.18E	94	19951100	99999999	UDINE/CAMPOFORMIDO	IT
LIPI	16045	45.97N	13.05E	52	20160118	99999999	UDINE/RIVOLTO	IT
LIML	16080	45.43N	9.28E	103	19951100	99999999	MILANO/LINATE	IT
9999	16087	45.45N	11.00E	90	0	99999999	VERONA	IT
9999	16113	44.53N	7.62E	386	0	99999999	CUNEO - LEVALDIGI	IT
9999	16121	44.40N	8.90E	45	0	99999999	GENOVA	IT
9999	16144	44.65N	11.62E	38	19900600	99999999	S. PIETRO CAPOFIUME	IT
LIRE	16245	41.65N	12.43E	12	19951100	99999999	PRATICA DI MARE(AB)	IT
LIBR	16320	40.65N	17.95E	10	19960700	99999999	BRINDISI/CASALE AFB	IT
LICT	16429	37.92N	12.50E	14	19950900	99999999	TRAPANI/BIRGI (AFB)	IT
LIED	16546	39.35N	8.97E	28	20110101	99999999	DECIMOMANNU	IY
LIEE	16560	39.25N	9.05E	7	19951000	99999999	CAGLIARI/ELMAS(AFB)	IT
LGTS	16622	40.52N	22.97E	4	19920400	99999999	THESSALONIKI/MIKRA	GR
LGAT	16716	37.90N	23.73E	14	19920500	99999999	ATHENS/HELLENKION	GR
LGIR	16754	35.33N	25.18E	39	19951100	99999999	IRAKLION (CIV/AFB)	GR
9999	17030	41.28N	36.33E	4	0	99999999	SAMSUN CITY	TR
9999	17062	40.97N	29.08E	33	19920300	99999999	ISTANBUL/GOZTEPE	TR
9999	17064	40.90N	29.15E	18	20140000	99999999	ISTANBUL BOLGE (KARTAL)	TR
9999	17067	40.72N	29.82E	18	0	20009999	GOLCUK/DUMLUPINAR	TR
9999	17068	40.73N	30.08E	70	0	20009999	CENGIZTOPEL	TR
9999	17095	39.90N	41.28E	1952	20070100	99999999	ERZURUM BOLGE	TR
9999	17130	39.95N	32.88E	894	19910300	99999999	ANKARA/CENTRAL	TR
LTAM	17196	38.69N	35.50E	1094	20160000	99999999	KAYSERI CITY	TR
9999	17220	38.43N	27.17E	25	19910200	99999999	IZMIR	TR
LTBM	17240	37.75N	30.55E	997	19900400	99999999	ISPARTA	TR
LTCC	17280	37.88N	40.18E	677	0	20050831	DIYARBAKIR(CIV/AFB)	TR
LTCC	17281	37.88N	40.18E	677	20050901	99999999	DIYARBAKIR(CIV/AFB)	TR
9999	17351	37.05N	35.35E	28	19940900	99999999	ADANA	TR
LTAF	17352	36.98N	35.30E	20	19920300	99999999	ADANA/SAKIRPASA	TR
9999	17600	34.72N	32.48E	11	20110101	99999999	PAPHOS	CY
LCRA	17601	34.58N	32.98E	23	19920400	99999999	AKROTIRI (RAF)	CY
LCNC	17607	35.15N	33.40E	161	19900100	99999999	NICOSIA/ATHALASSA	CY
9999	17609	34.88N	33.63E	2	20110101	99999999	LARNACA	CY
9999	20046	80.62N	58.05E	22	20080000	99999999	POLARGMO	RU
9999	20292	77.72N	104.30E	15	20080000	99999999	FEDOROVA	RU
9999	20674	73.53N	80.40E	47	19911000	99999999	DIKSON ISLAND	RU
9999	20744	72.38N	52.73E	16	19911000	99999999	MALYE KARMAKULY	RU
9999	20891	72.00N	102.45E	33	19911000	99999999	HATANGA	RU
9999	20892	72.00N	102.57E	26	20120000	99999999	HATANGA	RU
9999	21432	76.00N	137.90E	10	19910300	20019999	KOTEL'NYJ ISLAND	RU
9999	21432	76.00N	137.90E	10	20100000	99999999	KOTEL'NYJ ISLAND	RU
9999	21824	71.58N	128.92E	8	0	99999999	TIKSI	RU
9999	21946	70.62N	147.90E	61	19930200	99999999	COKURDAH	RU
9999	21982	70.98N	178.48W	3	19911000	99999999	VRANGELJA ISLAND	RU
9999	22008	68.98N	33.12E	121	20180000	99999999	MURMANSK	RU
ULMM	22113	68.97N	33.05E	51	19970500	99999999	MURMANSK	RU
9999	22217	67.15N	32.35E	26	19941200	99999999	KANDALAKSA	RU
9999	22271	67.88N	44.13E	16	19900800	99999999	SOJNA	RU
9999	22522	64.98N	34.80E	10	19911000	99999999	KEM (PORT)	RU
9999	22543	64.62N	40.51E	6	20110101	99999999	ARHANGEL'SK	RS
ULAA	22550	64.53N	40.58E	5	19970500	99999999	ARHANGEL'SK	RU
9999	22820	61.82N	34.27E	109	19910500	99999999	PETROZAVODSK	RU
9999	22845	61.50N	38.93E	121	19901100	99999999	KARGOPOL'	RU
9999	23022	69.77N	61.68E	53	19970300	20009999	AMDERMA	RU
9999	23078	69.33N	88.10E	62	20080000	99999999	NORILSK	RU
9999	23205	67.65N	53.02E	7	19910500	99999999	NAR'JAN-MAR	RU
9999	23330	66.53N	66.53E	16	19910500	99999999	SALEHARD	RU
9999	23415	65.11N	57.10E	58	20120000	99999999	PECORA	RU
9999	23418	65.12N	57.10E	56	19900800	99999999	PECORA	RU
9999	23472	65.78N	87.95E	32	0	99999999	TURUHANSK	RU
9999	23552	64.92N	77.82E	27	19910400	20009999	TARKO-SALE	RU
UUYY	23802	61.67N	50.78E	117	20120000	99999999	SYKTYVKAR	RU
UUYY	23804	61.72N	50.83E	119	19970500	99999999	SYKTYVKAR	RU
9999	23884	61.60N	90.00E	63	19900800	99999999	BOR	RU
9999	23921	60.68N	60.43E	101	19900800	99999999	IVDEL'	RU
USHH	23933	60.97N	69.07E	40	0	99999999	HANTY-MANSIJSK	RU
9999	23955	60.43N	77.87E	47	19910400	99999999	ALEKSANDROVSKOE	RU
9999	24122	68.50N	112.43E	220	20180000	99999999	OLENEK	RU
9999	24125	68.50N	112.43E	220	19911000	99999999	OLENEK	RU
9999	24266	67.55N	133.38E	137	0	99999999	VERHOJANSK	RU
9999	24343	66.77N	123.40E	93	19910500	99999999	ZIGANSK	RU
9999	24507	64.27N	100.23E	186	19911000	99999999	TURA	RU
9999	24641	63.77N	121.62E	107	19910400	99999999	VILJUJSK	RU
9999	24688	63.27N	143.15E	745	19910400	99999999	OJMJAKON	RU
9999	24726	62.55N	113.88E	347	19970100	99999999	MIRNY	RU
9999	24908	60.33N	102.27E	260	19900800	99999999	VANAVARA	RU
9999	24944	60.40N	120.42E	226	19900800	99999999	OLEKMINSK	RU
9999	24947	60.37N	120.42E	226	20180000	99999999	OLEKMINSK	RU
UEEE	24959	62.08N	129.75E	103	0	99999999	YAKUTSK AIRPORT	RU
9999	25123	68.80N	161.28E	32	19910500	99999999	CERSKIJ	RU
9999	25173	68.92N	179.48E	7	0	20009999	CAPE SMIDTA	RU
9999	25399	66.17N	169.83W	7	0	20009999	CAPE UELEN	RU
9999	25400	65.73N	150.90E	43	19900800	99999999	ZYRJANKA	RU
9999	25403	65.73N	150.90E	43	20180000	99999999	ZYRJANKA	RU
9999	25428	65.23N	160.50E	265	19950600	99999999	SCERBAKOVO	RU
UHMA	25563	64.78N	177.57E	62	19920700	99999999	ANADYR'	RU
9999	25703	62.92N	152.42E	207	19910400	99999999	SEJMCAN	RU
UHMM	25913	59.58N	150.78E	118	19910800	99999999	MAGADAN	RU
9999	25954	60.35N	166.00E	3	19900800	99999999	KORF	RU
ULTT	26038	59.45N	24.80E	44	0	99999999	TALLIN	RU
ULLI	26063	59.97N	30.30E	72	0	99999999	ST. PETERBURG	RU
9999	26075	59.95N	30.70E	72	20180000	99999999	ST. PETERSBURG	RU
9999	26258	57.80N	28.42E	42	19951000	20009999	PSKOV	RU
9999	26298	57.90N	34.05E	178	19901200	99999999	BOLOGOE	RU
UMRR	26422	56.97N	24.07E	7	0	99999999	RIGA	RU
9999	26435	56.65N	25.13E	83	20180102	99999999	LVA SKRIVERI	LE
9999	26441	56.88N	26.33E	251	0	20009999	MADONA	BY
ULOL	26477	56.38N	30.60E	98	19970500	99999999	VELIKIE LUKI	RU
9999	26629	54.88N	23.88E	75	19901200	99999999	KAUNAS	BY
9999	26702	54.70N	20.62E	21	19910800	99999999	KALININGRAD	BY
9999	26781	54.75N	32.07E	241	19910800	99999999	SMOLENSK	RU
UMMS	26850	53.87N	27.53E	231	19901200	20009999	MINSK	BY
ULWW	27037	59.23N	39.87E	131	19970500	99999999	VOLOGDA	RU
ULWW	27038	59.32N	39.93E	130	20110101	99999999	VOLDOGA	RS
9999	27199	58.60N	49.63E	158	19940900	99999999	KIROV	RU
9999	27459	56.27N	44.00E	157	19940900	99999999	NIZNIJ NOVGOROD	RU
9999	27594	55.81N	48.50E	116	19910500	99999999	KAZAN (VYAZOVYE)	RU
9999	27595	55.78N	49.18E	116	19910500	99999999	KAZAN	RU
9999	27612	55.75N	37.57E	156	19911000	99999999	MOSCOW	RU
9999	27707	54.12N	35.33E	239	19910500	99999999	SUHINICI	RU
UUDD	27713	55.40N	37.90E	179	20180000	99999999	MOSCOW POLGOPRUDNYJ	RU
9999	27730	54.63N	39.70E	158	19940900	99999999	RJAZAN'	RU
UWPP	27962	53.13N	45.02E	174	19901200	99999999	PENZA	RU
9999	27995	52.98N	49.43E	45	19940900	99999999	BEZENCUKSKAJA	RU
9999	28225	57.95N	56.20E	170	19951000	99999999	PERM	RU
9999	28275	58.15N	68.18E	44	0	99999999	TOBOLSK	RU
9999	28445	56.73N	61.07E	290	19950900	99999999	VERHNEE DUBROVO	RU
9999	28601	55.35N	50.62E	113	19911000	20009999	CISTOPOL	RU
9999	28661	55.47N	65.40E	79	19910400	99999999	KURGAN	RU
9999	28695	54.93N	73.40E	122	20180000	99999999	OMSK	RU
UNDD	28698	54.93N	73.40E	123	19910500	99999999	OMSK	RU
9999	28722	54.75N	56.00E	105	19950500	99999999	UFA	RU
9999	28951	59.32N	63.62E	171	20110101	99999999	KOSTANAI	RA
9999	28952	53.22N	63.62E	156	19910500	99999999	KUSTANAJ	RU
9999	29231	58.30N	82.90E	76	19911000	99999999	KOLPASEV	RU
9999	29263	58.45N	92.15E	78	0	99999999	YENISEYSK	RU
9999	29282	58.42N	97.40E	134	19900800	99999999	BOGUCANY	RU
9999	29572	56.18N	92.62E	296	19941100	99999999	EMEL'JANOVO	RU
9999	29612	55.37N	78.37E	120	19911000	99999999	BARABINSK	RU
UNNN	29634	55.03N	82.90E	176	0	99999999	NOVOSIBIRSK	RU
UINN	29698	54.88N	99.03E	410	19970300	99999999	NIZNE-UDINSK	RU
9999	29839	53.35N	83.82E	159	0	99999999	BARNAUL	RU
9999	29862	53.77N	91.32E	256	19960700	99999999	HAKASSKATA	RU
9999	30054	59.45N	112.58E	193	19900800	99999999	VITIM	RU
UIKK	30230	57.77N	108.12E	258	19930800	99999999	KIRENSK	RU
9999	30309	56.07N	101.83E	489	19970300	99999999	BRATSK	RU
9999	30372	56.92N	118.37E	711	0	99999999	CARA	RU
UIUB	30554	54.47N	113.13E	995	19911000	99999999	BOGDARIN	RU
9999	30557	54.47N	113.58E	995	20180000	99999999	BOGDARIN	RU
9999	30635	53.42N	109.02E	457	19911000	99999999	UST-BARGUZIN	RU
9999	30673	53.73N	119.78E	619	0	99999999	MOGOCA	RU
9999	30715	52.48N	103.85E	450	19970300	99999999	ANGARSK	RU
9999	30758	52.02N	113.33E	685	0	99999999	CHITA	RU
9999	30935	50.37N	108.75E	770	19900800	99999999	KRASNYJ CIKOJ	RU
9999	30965	50.38N	116.52E	684	0	99999999	BORZJA	RU
9999	31004	58.62N	125.37E	682	0	99999999	ALDAN	RU
9999	31088	59.37N	143.20E	6	19910400	99999999	OHOTSK	RU
9999	31168	56.45N	138.15E	9	0	99999999	AJAN	RU
9999	31300	53.75N	127.23E	232	0	99999999	ZEJA	RU
9999	31369	53.15N	140.70E	68	0	99999999	NIKOLAEVSK-ON-AM	RU
9999	31510	50.27N	127.50E	137	19911000	99999999	BLAGOVESCENSK	RU
9999	31538	50.07N	132.13E	349	19910500	99999999	SUTUR	RU
9999	31736	48.53N	135.23E	72	19950400	99999999	HABAROVSK	RU
9999	31770	48.97N	140.30E	22	20080000	99999999	SOVETSKAJA GAVAN	RA
9999	31873	45.87N	133.73E	107	0	99999999	DAL'NERECENSK	RU
9999	31977	43.27N	132.05E	82	19950600	99999999	SAD-GOROD	RU
9999	32061	50.90N	142.17E	31	0	99999999	ALEKSANDROVSK-SAHALINSKIJ	RU
9999	32098	49.22N	143.10E	4	19940700	99999999	PORONAJSK	RU
UHSS	32150	46.92N	142.73E	31	19920500	99999999	JUZNO-SAHALINSK	RU
9999	32215	50.68N	156.13E	23	19940900	99999999	SEVERO-KURILSK	RU
9999	32389	56.32N	160.83E	28	19911000	99999999	KLJUCI	RU
9999	32477	54.30N	155.97E	25	20110101	99999999	SOBOLEVO	RA
UHPP	32540	52.97N	158.75E	24	19911000	99999999	PETROPAVLOVSK-KAMCHATSKIJ	RU
9999	32618	55.20N	165.98E	14	20110101	99999999	OSTROV BERINGA	RA
UMBB	33008	52.12N	23.68E	144	0	99999999	BREST	BY
9999	33041	52.45N	31.00E	127	19941200	99999999	GOMEL'	BY
9999	33317	50.17N	27.05E	278	19910500	99999999	SEPETOVKA	UA
UKKK	33345	50.40N	30.45E	167	19970500	99999999	KIEV/ZHULYANY	UA
UKLL	33393	49.82N	23.95E	325	19950300	99999999	L'VIV	UA
9999	33631	48.63N	22.27E	118	0	99999999	UZGOROD	UA
9999	33658	48.37N	25.90E	246	19950300	99999999	CHERNIVTSI	UA
9999	33663	48.45N	27.78E	79	0	20009999	MOGILEV-PODOL'SKIJ	UA
UKDR	33791	47.92N	33.22E	100	19950700	99999999	LOZUVATKA	UA   
UKII	33815	47.02N	28.87E	173	0	99999999	KISHINEV	RU
UKOO	33837	46.43N	30.77E	43	19950300	99999999	ODESSA/TSENTRALNY	UA
UKFF	33946	45.02N	33.98E	187	19970500	99999999	SIMFEROPOL'	UA
9999	33966	45.05N	34.60E	183	19970100	99999999	KRYMSKAYA	UA
9999	34009	51.77N	36.17E	247	19961200	99999999	KURSK	RU
UUOO	34122	51.67N	39.27E	104	19970500	99999999	VORONEZ	RU
UWSS	34172	51.57N	46.05E	156	0	99999999	SARATOV	RU
9999	34247	50.42N	41.05E	93	19900800	99999999	KALAC	RU
9999	34300	49.93N	36.28E	152	0	99999999	KHARKOV	RU
URWW	34560	48.68N	44.35E	145	19970500	99999999	VOLGOGRAD	RU
URWW	34467	48.58N	44.35E	141	20120000	99999999	VOLGOGRAD	RU
URRR	34731	47.25N	39.82E	77	19970500	99999999	ROSTOV-NA-DONU	RU
9999	34858	45.92N	43.35E	87	19910100	99999999	DIVNOE	RU
9999	34880	46.27N	48.03E	-18	19941200	99999999	ASTRAHAN'	RU
9999	34882	46.27N	47.98E	-17	20120000	99999999	ASTRAHAN'	RU
9999	35121	51.78N	55.22E	109	19911000	99999999	ORENBURG	RU
UATT	35229	50.28N	57.15E	224	19970500	99999999	AKTJUBINSK	RU
9999	35394	49.80N	73.13E	553	19870100	99999999	KARAGANDA	RU
9999	35671	47.80N	67.72E	345	19891100	99999999	DZEZKAZGAN	RU
9999	35700	47.02N	51.85E	-15	19891100	99999999	GUR'EV	RU
9999	36003	52.28N	76.95E	123	19910500	99999999	PAVLODAR	RU
9999	36096	51.67N	94.38E	629	19900000	99999999	KYZYL	RU
UAAA	36870	43.23N	76.93E	847	19920900	99999999	ALMA-ATA	RU
9999	36872	43.36N	77.00E	663	20110101	99999999	ALMATY	RA
9999	37011	44.09N	39.03E	95	20120000	99999999	TUAPSE (STREAM)	RU
9999	37018	44.10N	39.07E	41	19910500	99999999	TUAPSE (STREAM)	RU
URMM	37054	44.22N	43.10E	314	19970500	99999999	MINERALYNE VODY	RU
URMM	37055	44.22N	43.10E	313	20120000	99999999	MINERALYNE VODY	RU
9999	37099	43.58N	39.77E	57	20140000	99999999	RAZDOL/SOCI	RU
9999	37259	43.01N	47.48E	2	20110101	99999999	MAHACHKALA	RS
UGGG	37549	41.68N	44.95E	490	19940500	99999999	TBILISI/NOVOALEXEYE	RU
UGEE	37789	40.13N	44.47E	890	19940400	99999999	YEREVAN/ZVARTNOTS	RU
9999	37860	40.53N	50.00E	28	20080000	99999999	MASHTAGA	RU
9999	38062	44.85N	65.50E	130	20110101	99999999	KZYLORDA	RA
9999	38064	44.77N	65.52E	133	20110101	99999999	KYZYLORDA	RA
9999	38341	42.85N	71.38E	653	19910500	99999999	DZAMBUL	RU
9999	38343	45.95N	72.75E	683	19910400	20009999	LUGOVAJA	RU
UAFF	38353	42.85N	74.53E	760	19950300	99999999	FRUNZE	RU
UTTT	38457	41.27N	69.27E	489	19970500	99999999	TASKENT/YUZNI	RU
9999	38507	40.03N	52.98E	89	19910500	99999999	KRASNOVODSK	RU
9999	38750	37.47N	53.97E	-23	19910500	20009999	GASAN-KULI	RU
OSDI	40080	33.42N	36.52E	609	19970100	99999999	DAMASCUS (CIV/MIL)	SY
OLBA	40100	33.82N	35.48E	19	19910700	99999999	BEIRUT (CIV/MIL)	LB
9999	40179	32.00N	34.82E	30	0	99999999	BET DAGAN	IL
9999	40186	31.87N	34.68E	20	20080000	99999999	ASHDOD NORTH	IL
OJHR	40250	32.50N	38.20E	688	0	20009999	HOTEL-4 'IRWAISHED'	JO
OJMF	40265	32.37N	36.27E	687	19900800	99999999	MAFRAQ (JOR-AFB)	JO
OEPA	40373	28.33N	46.12E	355	19901000	99999999	HAFR AL-BATIN ARPT	SA
OETB	40375	28.37N	36.58E	770	0	99999999	TABUK (SAUD-AFB)	SA
OEHL	40394	27.52N	41.73E	1013	0	99999999	HAIL	SA
OEMF	40417	26.45N	49.82E	12	0	99999999	KING FAHAD INTERNATIONAL APT	SA
OEMA	40430	24.55N	39.72E	636	0	99999999	MADINAH INTL ARPT	SA
OERK	40437	24.93N	46.72E	612	0	99999999	RIYADH/KING KHALID	SA
OKBK	40582	29.22N	47.98E	55	19920400	99999999	KUWAIT INTERNATIONAL AIRPORT	KW
ORBH	40648	33.37N	43.57E	45	19800200	20009999	HABBANIYA (IRQ-AFB)	IQ
ORBB	40650	33.23N	44.23E	34	20100000	99999999	BAGHDAD/SIRSENK/BAM	IR
OITT	40706	38.08N	46.28E	1361	19891200	99999999	TABRIZ(IRAN-AB/CIV)	IR
OIMM	40745	36.27N	59.63E	980	19891200	99999999	MASHHAD (AFB/CIV)	IR
OIII	40754	35.68N	51.35E	1191	19960100	99999999	TEHRAN/MEHRABAD AFB	IR
OICC	40766	34.27N	47.12E	1322	19941200	99999999	KERMANSHAH/BAKTARAN	IR
OIFM	40800	32.62N	51.67E	1590	19891200	99999999	ESFAHAN (CIV/AFB)	IR
OIMB	40809	32.87N	59.20E	1491	19830100	99999999	BIRJAND	IR
OIMB	40811	31.33N	48.66E	22	19970500	99999999	BIRJAND	IR
9999	40821	31.90N	54.28E	1237	0	99999999	YAZD	IR
OIKK	40841	30.25N	56.97E	1754	19890200	99999999	KERMAN	IR
OISS	40848	29.53N	52.58E	1491	19891200	99999999	SHIRAZ (CIV/AFB)	IR
9999	40856	29.47N	60.88E	1379	0	99999999	ZAHEDAN	IR
OIKB	40875	27.22N	56.37E	10	19891200	99999999	BANDAR ABBAS INTL	IR
OAMS	40911	36.70N	67.20E	378	20100000	99999999	MAZAR-I-SHARIF	AH
OAUZ	40913	36.67N	68.92E	433	20100000	99999999	KUNDUZ	AH
OAKB	40948	34.55N	69.22E	1791	19920200	99999999	KABUL INTL (MIL)	AH
9999	40980	32.83N	67.78E	2000	0	99999999	MOKUR	AH
OAKN	40990	31.50N	65.85E	1010	20080000	99999999	KANDAHAR	AH
OEJN	41024	21.67N	39.15E	17	19910500	99999999	JEDDAH/ABDUL AZIZ	SA
OEAB	41112	18.23N	42.65E	2084	0	99999999	ABHA	SA
OEKM	41114	18.30N	42.80E	2056	0	20009999	KHAMIS MUSHAIT AFB	SA
9999	41169	25.27N	51.60E	12	20180101	99999999	HAMAD INTL AIRPORT (inactive)	QT
9999	41170	25.27N	51.55E	10	0	99999999	DOHA	QT
OMAA	41217	24.43N	54.65E	27	19920900	99999999	ABU DHABI INTL	AE
OOMS	41256	23.58N	58.28E	17	19950500	99999999	SEEB INTL/MUSCAT	OM
OOSA	41316	17.03N	54.08E	17	19900800	99999999	SALALAH	OM
OYSN	41404	15.38N	44.20E	2190	19961000	20009999	SANA'A	YE
9999	41414	17.37N	50.95E	610	0	20009999	THAMUD	YE
9999	41480	12.83N	45.03E	4	20110101	99999999	ADEN/KHORMAKSAR	DY
9999	41506	35.85N	71.83E	1494	20110101	99999999	CHITRAL	PK
9999	41515	35.40N	71.78E	1480	20110101	99999999	DROSH	PK
9999	41529	34.03N	71.93E	329	20180101	99999999	PESHAWAR	PK
OPPS	41530	34.02N	71.58E	360	0	99999999	PESHAWAR (CIV/MIL)	PK
OPSR	41594	32.05N	72.67E	188	0	99999999	SARGODHA (PAK-AFB)	PK
9999	41598	32.93N	73.72E	233	20110101	99999999	JHELUM	PK
9999	41600	32.50N	74.53E	256	20180101	20191015	SIALKOT CITY (inactive)	PK
9999	41624	31.82N	70.92E	174	20110101	99999999	DERA ISMAIL KHAN	PK
OPLH	41640	31.55N	74.33E	215	19920700	99999999	LAHORE/WALTON	PK
9999	41661	30.27N	66.92E	1621	20110101	99999999	QUETTA	PK
9999	41675	30.20N	71.43E	123	20110101	99999999	MULTAN	PK
9999	41678	29.95N	73.25E	163	20180101	20191015	BAHAWALNAGAR (inactive)	PK
9999	41710	28.82N	62.75E	683	20180423	99999999	NOKKUNDI	PK
9999	41712	28.88N	64.40E	849	20110101	99999999	DALBANDIN	PK
9999	41715	28.30N	68.47E	56	20110101	99999999	JACOBABAD	PK
9999	41718	28.65N	70.68E	87	20110101	99999999	KHANPUR	PK
9999	41739	26.97N	64.10E	981	20110101	99999999	PANJGUR	PK
9999	41744	27.83N	66.63E	1225	20110101	99999999	KHUZDAR	PK
9999	41749	26.25N	68.37E	37	20110101	99999999	NAWABSHAH	PK
9999	41756	25.07N	61.80E	56	20110101	99999999	JIWANI	PK
9999	41764	25.31N	68.36E	40	20181001	20191015	HYDERABAD ARPT (inactive)	PK
9999	41768	25.52N	69.78E	6	20110101	99999999	CHHOR	PK
OPKC	41780	24.90N	67.13E	22	19920800	99999999	KARACHI INTL ARPT	PK
9999	41859	25.73N	89.23E	34	20110101	99999999	RANGPUR	BW
VGBG	41883	24.85N	89.37E	20	20080000	99999999	BOGRA	BD
9999	41891	24.90N	91.88E	35	20110101	99999999	SYLHET	BW
9999	41907	24.13N	89.05E	14	20110101	99999999	ISHURDI	BW
9999	41923	23.78N	91.18E	9	0	99999999	COMILLA	BD
9999	41936	23.18N	89.17E	7	20110101	99999999	JESSORE	BW
9999	41943	23.03N	91.42E	8	20110101	99999999	FENI	BW
9999	41950	22.75N	90.37E	4	20110101	99999999	BARISAL	BW
9999	41977	22.35N	91.82E	34	19901200	99999999	CHITTAGONG/AMBAGAN	BD
9999	41992	21.43N	91.93	4	20110101	99999999	COX'S BAZAR	BW
9999	42027	34.08N	74.83E	1587	0	99999999	SRINAGAR	IN
9999	42056	32.67N	74.83E	323	20160000	99999999	JAMMU, JK	IN
9999	42079	31.53N	76.90E	875	20180000	99999999	SUNDERNAGER	IN
9999	42101	30.33N	76.47E	251	19900500	99999999	PATIALA	IN
9999	42103	30.38N	76.77E	272	20180201	99999999	AMBALA	IN
9999	42111	30.32N	78.05E	682	20160000	99999999	DEHRADUN,UTTARAKHAND	IN
9999	42123	29.92N	73.92E	177	20180000	99999999	GANGANAGAR	IN
9999	42165	28.00N	73.30E	224	20180101	99999999	BIKANER	IN
9999	42170	28.25N	74.92E	286	20180101	99999999	CHURU	IN
VIDD	42182	28.58N	77.20E	216	0	99999999	DELHI/SAFDARJUNG	IN
9999	42189	28.36N	79.40E	173	20180131	99999999	BAREILLY	IN
9999	42260	27.16N	77.96E	168	20180107	99999999	AGRA/VIAG	IN
9999	42273	27.57N	81.60E	124	20180107	99999999	BAHRAICH	IN
9999	42299	27.33N	88.62E	1756	20160000	99999999	GANGTOK	IN
VEMN	42314	27.48N	95.02E	111	0	99999999	DIBRUGARH/MOHANBARI	IN
9999	42328	26.90N	70.92E	257	20180101	99999999	JAISALMER	IN
VIJO	42339	26.30N	73.02E	224	0	99999999	JODHPUR (IN-AFB)	IN
9999	42348	26.82N	75.80E	390	20180101	99999999	JAIPUR	IN
9999	42399	26.53N	88.72E	81	20180101	99999999	JALPAIGURI	IN
VIGR	42361	26.23N	78.25E	207	19900500	99999999	GWALIOR (IN-AFB)	IN
VILK	42369	26.75N	80.88E	128	19960400	99999999	LUCKNOW/AMAUSI	IN
VEGK	42379	26.75N	83.37E	77	0	99999999	GORAKHPUR (IN-AFB)	IN
9999	42397	26.67N	88.37E	123	0	99999999	SILIGURI	IN
VEGT	42410	26.10N	91.58E	54	0	99999999	GAUHATI (IN-AFB)	IN
9999	42435	25.75N	71.38E	193	20180101	99999999	BARMER	IN
VIKO	42452	25.15N	75.85E	274	20180117	99999999	KOTA AERODROME	IN
9999	42475	25.45N	81.73E	98	20180208	20180208	ALLAHABAD/BAMRAULI	IN
VEPT	42492	25.60N	85.10E	60	19960400	99999999	PATNA	IN
9999	42498	25.23N	86.95E	49	20180128	99999999	BHAGALPUR	IN
9999	42539	24.20N	72.20E	136	20180101	99999999	DEESA	IN
9999	42542	24.61N	73.88E	514	20180101	99999999	UDAIPUR	IN
9999	42591	24.75N	84.95E	116	20110101	99999999	GAVA	IN
9999	42623	24.67N	93.90E	774	20110101	99999999	IMPHAL	IN
9999	42634	23.25N	69.67E	80	20190612	99999999	BHUJ	IN
VAAH	42647	23.07N	72.63E	55	19960300	99999999	AHMADABAD	IN
VABP	42667	23.28N	77.35E	523	0	99999999	BHOPAL/BAIRAGARH	IN
9999	42675	23.16N	79.95E	393	20180101	99999999	JABALPUR	IN
VERC	42701	23.32N	85.32E	652	19930500	99999999	RANCHI	IN
9999	42706	23.38N	87.08E	99	20180101	99999999	BANKURA	IN
VEAT	42724	23.88N	91.25E	16	19900300	99999999	AGARTALA	IN
9999	42798	22.82N	86.18E	142	20110101	99999999	JAMSHEDPUR	IN
VECC	42809	22.65N	88.45E	6	19960400	99999999	CALCUTTA/DUM DUM	IN
9999	42840	21.20N	72.83E	12	20180102	99999999	SURAT	IN
VANP	42867	21.10N	79.05E	310	0	99999999	NAGPUR SONEGAON AFB	IN
9999	42874	21.22N	81.67E	298	19961100	99999999	PBO RAIPUR	IN
9999	42895	21.50N	86.93E	20	20110101	99999999	BALASORE	IN
VEBS	42971	20.25N	85.83E	46	0	99999999	BHUBANESWAR	IN
VEJH	42886	21.92N	84.08E	230	20160000	99999999	JHARSUGUDA	IN
VABB	43003	19.12N	72.85E	14	19960300	99999999	BOMBAY/SANTACRUZ	IN
VAAU	43014	19.85N	75.40E	579	0	99999999	AURANGABAD AIRPORT	IN
9999	43041	19.08N	82.03E	553	0	99999999	JAGDALPUR	IN
9999	43049	19.26N	84.88E	17	20190717	99999999	GOPALPUR	IN
9999	43063	18.53N	73.85E	558	20160000	99999999	POONA, MM	IN
9999	43110	16.98N	73.33E	91	20160000	99999999	RATNAGIRI	IN
VOHY	43128	17.45N	78.47E	545	19960300	99999999	HYDERABAD (CIV/MIL)	IN
9999	43150	17.70N	83.30E	66	19910500	99999999	VISHAKHAPATNAM/WALT	IN
9999	43185	16.20N	81.15E	3	19900500	99999999	MACHILIPATNAM	IN
9999	43192	15.48N	73.82E	60	0	99999999	GOA/PANJIM	IN
9999	43201	15.42N	75.63E	650	20180101	99999999	GADAG	IN
VOMM	43279	13.00N	80.18E	16	19960300	99999999	MADRAS/MINAMBAKKAM	IN
9999	43285	12.95N	74.83E	31	19900500	99999999	PANAMBUR	IN
9999	43295	12.97N	77.58E	921	0	99999999	BANGALORE	IN
9999	43311	11.12N	72.73E	4	0	99999999	AMINI DIVI	IN
VEPB	43333	11.67N	92.72E	79	0	99999999	PORT BLAIR	IN
9999	43346	10.92N	79.83E	7	19900500	99999999	KARAIKAL	IN
VOCC	43353	9.95N	76.27E	3	0	99999999	COCHIN (IN-NAVY)	IN
9999	43369	8.30N	73.15E	2	0	99999999	MINICOY ISLAND	IN
9999	43371	8.48N	76.95E	64	19950300	99999999	THIRUVANANTHAPURAM	IN
9999	43413	8.98N	79.92E	3	20180000	99999999	MANNAR	SB
9999	43418	8.58N	81.25E	7	20110101	99999999	TRINCOMALEE	SB
9999	43424	8.03N	79.83E	2	20110101	99999999	PUTTALAM	SB
9999	43466	6.90N	79.87E	7	19930900	99999999	COLOMBO	LK
9999	43497	6.12N	81.13E	20	20110101	99999999	HANBANTOTA	SB
9999	43555	4.20N	73.53E	2	20110101	99999999	MALE	MV
9999	43599	00.68S	73.15E	2	19820800	99999999	GAN	MV
9999	44212	49.97N	92.08E	936	19921000	99999999	ULAN-GOM	MN
9999	44231	49.63N	100.17E	1288	19921000	99999999	MUREN	MN
9999	44259	48.07N	114.50E	756	0	99999999	CHOIBALSAN	MN
9999	44277	46.40N	96.25E	2147	19900600	99999999	ALTAI	MN
9999	44288	46.27N	102.78E	1832	19921000	99999999	ARBAIHER	MN
9999	44292	47.93N	106.98E	1313	19890500	99999999	ULAN-BATOR	MN
9999	44373	43.58N	104.42E	1470	19921000	99999999	DALANZADGAD	MN
9999	45004	22.32N	114.17E	66	19920800	99999999	KING'S PARK	HK
9999	46741	23.00N	120.22E	14	19970400	20009999	TAINAN (=593580)	TW
9999	46750	22.67N	120.45E	24	20110101	99999999	PINGTUNG SOUTH	TW
9999	46780	22.68N	121.50E	280	20110101	99999999	LU-TAU	TW
9999	47003	42.32N	130.40E	3	19900600	20009999	SENBONG	KO
9999	47058	39.03N	125.78E	38	19940900	99999999	PYONGYANG	KO
9999	47090	38.25N	128.57E	18	19901200	99999999	SOKCHO	KO
9999	47101	37.90N	127.73E	79	20180301	20190602	CHUNCHON (inactive)	KD
9999	47102	38.03N	127.15E	70	19830100	99999999	CHONGONG-NI	KO
9999	47104	37.80N	128.86E	80	20160000	99999999	BUKGANGNEUNG	KO
RKSO	47122	37.10N	127.03E	12	19910200	99999999	OSAN (US/KOR-AFB)	KO
9999	47138	36.03N	129.38E	6	19900600	99999999	POHANG	KO
RKJJ	47158	35.12N	126.82E	13	19961200	99999999	KWANGJU (KOR-AFB)	KO
9999	47169	34.68N	125.45E	83	0	99999999	HEUKSANDO	KO
9999	47185	33.28N	126.17E	73	19920700	99999999	CHEJU	KO
RBSN	47186	33.32N	126.67E	243	20160000	99999999	NATL TYPHOON CENTER	KO
9999	47261	34.55N	126.58E	14	20080000	99999999	HAEMAN	KO
9999	47401	45.42N	141.68E	11	19910400	99999999	WAKKANAI	JP
9999	47412	43.05N	141.33E	19	19950800	99999999	SAPPORO	JP
RJCS	47418	42.97N	144.40E	37	20100000	99999999	KUSHIRO	JP
9999	47420	43.33N	145.58E	26	19910400	99999999	NEMURO	JP
RJSM	47580	40.68N	141.38E	39	19970100	99999999	MISAWA	JP
9999	47582	39.72N	140.10E	21	19910800	99999999	AKITA	JP
9999	47590	38.27N	140.90E	43	19911000	99999999	SENDAI	JP
9999	47600	37.38N	136.90E	14	19910400	99999999	WAJIMA	JP
9999	47646	36.05N	140.13E	31	0	99999999	TATENO	JP
9999	47678	33.12N	139.78E	80	19910400	99999999	HACHIJOJIMA/OMURE	JP
RJNH	47681	34.73N	137.67E	48	0	99999999	HAMAMATSU AB	JP
9999	47741	35.46N	133.06E	22	20100000	99999999	MATSUE	JP
9999	47744	35.43N	133.35E	8	19930300	99999999	YONAGO	JP
9999	47778	33.45N	135.77E	75	19930300	99999999	SHIONOMISAKI	JP
9999	47807	33.58N	130.38E	14	19910800	99999999	FUKUOKA	JP
9999	47827	31.63N	130.58E	31	19910800	99999999	KAGOSHIMA/YOSHINO	JP
RJOS	47881	34.13N	134.62E	11	19900700	99999999	TOKUSHIMA(JMSDF/CV)	JP
9999	47909	28.38N	129.55E	295	19910800	99999999	NAZE/FUNCHATOGE	JP
ROIG	47918	24.33N	124.17E	7	19920700	99999999	ISHIGAKIJIMA ISLAND	JP
9999	47936	26.20N	127.68E	27	19920700	99999999	NAHA AIRPORT	JP
ROMD	47945	25.83N	131.23E	20	19920700	99999999	MINAMIDAITOJIMA ISLAND	JP
RJAO	47971	27.08N	142.18E	8	19910400	99999999	CHICHIJIMA ISLAND	JP
RJAW	47981	24.78N	141.33E	116	19920400	99999999	IWOJIMA (JMSDF)	JP
RJAM	47991	24.30N	153.97E	9	19930400	99999999	MINAMITORISHIMA	JP
VBRM	48042	21.98N	96.10E	76	19930200	99999999	MANDALAY	MM
9999	48097	16.77N	96.17E	15	20110101	99999999	RANGOON	BM
VTCC	48327	18.78N	98.98E	314	19900700	99999999	CHIANG MAI (CIV/AFB)	TH
9999	48354	17.38N	102.80E	178	20110101	99999999	UDON THANI	TH
9999	48378	16.82N	100.27E	44	20110101	99999999	PHITSANULOK	TH
9999	48381	16.46N	102.78E	204	20180115	99999999	KHON KAEN (inactive)	TH
VTUU	48407	15.25N	104.87E	127	19940800	99999999	UBON/RATCHATHANI	TH
9999	48431	14.97N	102.08E	188	20110101	99999999	NAKHON RATCHASIMA	TH
9999	48453	13.67N	100.60E	3	20080000	99999999	BANGNA AGROMET	TH
9999	48455	13.73N	100.50E	20	19951100	99999999	BANGKOK	TH
9999	48477	12.68N	100.98E	16	20110101	99999999	SATTAHIP	TH
9999	48480	12.60N	102.12E	5	20110101	99999999	CHANTHABURI	TH
9999	48500	11.80N	99.80E	5	20110101	99999999	PRACHUAP KHIRIKHAN	TH
9999	48551	9.12N	99.35E	10	20110101	99999999	SURAT THANI	TH
VTSP	48565	8.12N	98.32E	10	19900800	99999999	PHUKET INTL AIRPORT	TH
VTSH	48568	7.20N	100.60E	5	19921100	99999999	SONGKHLA (THAI-NAVY)	TH
VTSS	48569	6.92N	100.43E	35	19930200	20009999	HAT YAI INTL (AFB)	TH
WMKP	48601	5.30N	100.27E	4	19960300	99999999	PENANG/BAYAN LEPAS	MY
WMKC	48615	6.17N	102.28E	5	19900900	99999999	KOTA BHARU/SULTAN P	MY
WMKN	48619	5.38N	103.10E	6	0	20009999	KUALA TRENGGANU	MY
9999	48620	4.22N	100.70E	8	20110101	99999999	SITIAWAN	MS
9999	48648	3.10N	101.65E	57	0	20009999	PETALING JAYA	MY
9999	48650	2.73N	101.70E	17	0	99999999	SEPANG	MY
WMKD	48657	3.78N	103.22E	16	19910500	99999999	KUANTAN (AFB)	MY
WSSS	48698	1.37N	103.98E	16	19900900	99999999	SINGAPORE/CHANGI	SG
VVNB	48811	21.40N	113.02E	472	20080000	99999999	DIEN BIEN PHU	VN
VVNB	48820	21.02N	105.80E	6	19900700	99999999	HANOI/NOIBAI INTL	VN
9999	48839	20.13N	107.72	56	20120000	99999999	BACH LONGVI HP	VN
VVVH	48845	18.70N	105.66E	6	20080000	99999999	VINH	VS
VVDN	48855	16.03N	108.18E	7	19920400	99999999	DA NANG INTL ARPT	VN
9999	48870	13.77N	109.22E	5	20110101	99999999	QUI NHON	VS
9999	48877	10.93N	108.10E	8	20180101	99999999	PHAN THIET	VS
9999	48887	10.93N	108.10E	5	20110101	99999999	PHAN THIET	VS
VVTS	48900	10.82N	106.67E	19	19940100	99999999	HO CHI MINH/TANSONN	VN
9999	48914	9.18N	105.15E	2	20110101	99999999	CA MAU	VS
9999	50527	49.22N	119.75E	611	0	99999999	HAILAR	CN
9999	50557	49.17N	125.23E	243	0	99999999	NENJIANG	CN
9999	50774	47.72N	128.90E	232	19920300	99999999	YICHUN	CN
9999	50953	45.75N	126.77E	143	19900700	99999999	HARBIN	CN
9999	51076	47.73N	88.08E	737	19940700	99999999	ALTAY	CN
9999	51156	46.78N	85.72E	1294	20110101	99999999	HOBOG SAIR	CI
ZWYN	51431	43.95N	81.33E	663	0	99999999	YINING	CN
9999	51463	43.78N	87.62E	919	0	99999999	URUMQI	CN
9999	51644	41.72N	82.95E	1100	19950200	99999999	KUQA	CN
ZWSH	51709	39.47N	75.98E	1291	0	99999999	KASHI	CN
9999	51777	39.03N	88.17E	889	19950200	99999999	RUOQIANG	CN
ZWTN	51828	37.13N	79.93E	1375	19940500	99999999	HOTAN	CN
9999	51839	37.07N	82.77E	1410	19900700	99999999	MINFENG/NIYA	CN
9999	51848	37.93N	83.65E	1264	19950200	20009999	ANDIR	CN
ZWHM	52203	42.82N	93.52E	739	19920300	99999999	HAMI	CN
9999	52267	41.95N	101.07E	941	0	99999999	EJIN QI	CN
9999	52323	41.80N	97.03E	1770	19900700	99999999	MAZONG SHAN (MOUNT)	CN
9999	52418	40.15N	94.68E	1140	0	99999999	DUNHUANG	CN
ZLJQ	52533	39.77N	98.48E	1478	19900700	99999999	JIUQUAN/SUZHOU	CN
9999	52681	38.63N	103.08E	1367	0	99999999	MINQIN	CN
9999	52818	36.42N	94.90E	2809	0	99999999	GOLMUD	CN
9999	52836	36.30N	98.10E	3192	19900700	99999999	DULAN/QAGAN US	CN
ZLXN	52866	36.62N	101.77E	2262	0	99999999	XINING	CN
9999	52889	36.05N	103.88E	1518	19900700	20019999	LANZHOU	CN
9999	52983	35.87N	104.15E	1875	0	99999999	YU ZHONG	CN
9999	53068	43.65N	112.00E	966	0	99999999	ERENHOT	CN
9999	53336	41.57N	108.52E	1290	20180000	99999999	HALIUT	CN
ZBHH	53463	40.82N	111.68E	1065	0	99999999	HOHHOT	CN
9999	53513	40.77N	107.40E	1041	0	99999999	LINHE	CN
9999	53543	39.83N	109.98E	1459	20180000	99999999	DONGSHENG	CN
ZLIC	53614	38.48N	106.22E	1112	0	99999999	YINCHUAN	CN
ZBYN	53772	37.78N	112.55E	779	0	99999999	TAIYUAN/WUSU	CN
9999	53798	37.07N	114.50E	78	20180000	99999999	ZINGTAI	CN
ZLYA	53845	36.60N	109.50E	959	0	99999999	YAN AN	CN
9999	53915	35.55N	106.67E	1348	0	99999999	PINGLIANG	CN
9999	54102	43.95N	116.07E	991	19900700	99999999	XILIN HOT/ABAGNAR	CN
9999	54135	43.60N	122.27E	180	0	99999999	TONGLIAO	CN
ZYCC	54161	43.90N	125.22E	238	0	99999999	CHANGCHUN	CN
9999	54218	42.27N	118.97E	572	19900700	99999999	CHIFENG/ULANHAD	CN
9999	54292	42.88N	129.47E	178	0	99999999	YANJI	CN
9999	54337	41.12N	121.07E	70	0	99999999	JINZHOU	CN
ZYYY	54342	41.77N	123.43E	43	0	99999999	SHENYANG/DONGTA	CN
9999	54374	41.72N	126.92E	333	0	99999999	LINJIANG	CN
9999	54401	40.78N	114.88E	726	20180000	99999999	ZHANGJIAKOU	CN
9999	54497	40.08N	124.33E	14	0	99999999	DANDONG	CN
ZBAA	54511	39.93N	116.28E	55	19900700	99999999	BEIJING/PEKING	CN
ZYTL	54662	38.90N	121.63E	97	19900700	99999999	DALIAN/DAIREN/LUDA	CN
9999	54727	36.70N	117.55E	123	0	99999999	ZHANGQUI	CN
ZSTN	54823	36.68N	116.98E	58	19900700	99999999	JINAN/TSINAN	CN
ZSQD	54857	36.07N	120.33E	77	19940900	99999999	QINGDAO/TSINGTAO	CN
9999	55299	31.48N	92.07E	4508	19920700	99999999	NAGQU	CN
ZULS	55591	29.67N	91.13E	3650	0	99999999	LHASA	CN
9999	56029	33.02N	97.02E	3682	0	99999999	YUSHU	CN
9999	56080	34.97N	102.90E	2910	19930500	99999999	HEZUO	CN
9999	56137	31.15N	97.17E	3307	0	99999999	QAMDO	CN
9999	56146	31.62N	100.00E	3394	0	99999999	GARZE	CN
9999	56187	30.70N	103.83E	541	0	99999999	WENJIANG	CN
ZUUU	56294	30.67N	104.02E	508	19970400	99999999	CHENGDU	CN
9999	56571	27.90N	102.27E	1599	0	99999999	XICHANG	CN
9999	56691	26.87N	104.28E	2236	0	99999999	WEINING	CN
9999	56739	25.03N	98.48E	1649	19910800	99999999	TENGCHONG	CN
ZPPP	56778	25.02N	102.68E	1892	19940900	99999999	KUNMING/WUJIABA	CN
9999	56964	22.77N	100.98E	1303	0	99999999	SIMAO	CN
9999	56985	23.38N	103.38E	1302	0	99999999	MENGZI	CN
ZLSN	57036	34.30N	108.93E	398	0	99999999	XI'AN	CN
9999	57067	34.00N	111.02E	569	20110101	99999999	LU SHIH	CI
ZHCC	57083	34.72N	113.65E	111	0	99999999	ZHENGZHOU	CN
9999	57127	33.07N	107.03E	509	0	99999999	HANZHONG	CN
9999	57131	34.43N	108.97E	387	20070930	99999999	JINJHE	CN
9999	57178	33.02N	112.53E	131	0	99999999	NANYANG	CN
9999	57447	30.28N	109.47E	458	0	99999999	ENSHI	CN
9999	57461	30.70N	111.28E	134	0	99999999	YICHANG	CN
ZHHH	57494	30.62N	114.13E	23	19910800	99999999	WUHAN/NANHU	CN
ZUCK	57516	29.52N	106.48E	351	19900800	99999999	CHONGQING/CHUNGKING	CN
ZGCS	57679	28.20N	113.08E	46	0	99999999	CHANGSHA/DATUOPU	CN
9999	57687	28.12N	112.78E	120	20180000	99999999	CHANGSHA	CN
9999	57749	27.57N	110.00E	261	0	99999999	HUAIHUA	CN
ZUGY	57816	26.58N	106.72E	1074	0	99999999	GUIYANG	CN
ZGKL	57957	25.33N	110.30E	166	0	99999999	GUILIN	CN
9999	57972	25.82N	113.02E	185	19910800	99999999	CHENZHOU	CN
ZSGZ	57993	25.85N	114.95E	125	0	99999999	GANZHOU	CN
9999	58027	34.28N	117.15E	42	0	99999999	XUZHOU	CN
9999	58150	33.77N	120.25E	7	19910800	99999999	SHEYANG/HEDE	CN
9999	58203	32.93N	115.83E	39	0	99999999	FUYANG	CN
ZSNJ	58238	32.00N	118.80E	12	19921000	99999999	NANJING/NANKING	CN
9999	58362	31.40N	121.47E	4	19910600	99999999	SHANGHAI	CN
9999	58424	30.52N	117.03E	20	0	99999999	ANQING	CN
ZSHC	58457	30.23N	120.17E	43	19910800	99999999	HANGZHOU/JIANQIAO	CN
ZSCN	58606	28.60N	115.92E	50	0	99999999	NANCHANG	CN
9999	58633	28.97N	118.87E	71	0	99999999	QU XIAN	CN
9999	58665	28.65N	120.08E	9	19910700	99999999	LUQIAO	CN
9999	58725	27.33N	117.43E	192	0	99999999	SHAOWU	CN
ZSFZ	58847	26.08N	119.28E	85	19910800	99999999	FUZHOU	CN
9999	58968	25.03N	121.53E	9	19920800	99999999	TAIPEI	CN
9999	59023	24.70N	108.05E	214	20180000	99999999	HECHI/JNCHENGJI	CN
9999	59134	24.45N	118.07E	63	0	99999999	XIA-MEN	CN
9999	59211	23.92N	106.62E	242	0	99999999	BOSE	CN
9999	59265	23.48N	111.30E	120	0	99999999	WUZHOU	CN
9999	59280	23.67N	113.05E	19	19960300	99999999	PING YUAN	CN
9999	59293	23.80N	114.73E	61	20180000	99999999	HEYUAN	CN
ZGOW	59316	23.40N	116.68E	3	19940900	99999999	SHANTOU	CN
ZGNN	59431	22.82N	108.35E	73	0	99999999	NANNING/WUXU	CN
ZGBH	59644	21.48N	109.10E	16	20140000	99999999	FUCHENG/BEIHAI AIRPORT	CN
9999	59663	21.83N	111.97E	91	20140000	99999999	YANGJIANG	CN
ZGHK	59758	20.03N	110.35E	15	19951100	99999999	HAIKOU	CN
9999	59948	18.22N	109.58E	420	20140000	99999999	YULIN/YAXIAN SANYA	CN
9999	59981	16.83N	112.33E	5	19910800	99999999	XISHA ISLAND	CN
9999	60010	28.30N	16.50W	2368	19970400	99999999	IZANA MOUNTAIN TOP	ES
9999	60018	28.31N	16.25W	120	20020000	99999999	VALLE DE GUIMAR TENERIFE	ES
9999	60020	28.47N	16.25W	36	0	99999999	SANTA CRUZ TENERIFE	ES
GSVO	60096	23.71N	15.93W	9	20160000	99999999	VILLA CISNEROS	MA
GMMC	60155	33.57N	7.67W	62	19921100	99999999	CASABLANCA/ANFA	MA
9999	60191	32.37N	6.40W	468	0	99999999	BENI-MELLAL	MA
GMMX	60230	31.62N	8.02W	466	0	20009999	MARRAKECH/MENARA	MA
GMAD	60252	30.33N	9.42W	74	19921000	99999999	AL MASSIRA MC	MA
DAAG	60390	36.72N	3.25E	25	0	99999999	DAR-EL-BEIDA/HOUARI	DZ
9999	60430	36.30N	2.23E	715	19970300	20009999	MILIANA	DZ
DAOO	60490	35.63N	0.60W	90	19900400	99999999	ORAN/ES SENIA	DZ
DAUB	60525	34.80N	5.73E	87	19950700	99999999	BISKRA	DZ
DAFI	60535	34.68N	3.25E	1144	19910400	20009999	DJELFA/TLETSI	DZ
DAAY	60549	34.93N	0.43W	1149	19920200	99999999	MECHERIA	DZ
DAOR	60571	31.62N	2.23W	773	19920200	99999999	BECHAR/OUAKDA	DZ
DAUU	60580	31.92N	5.40E	141	19951100	99999999	OUARGLA	DZ
9999	60630	27.20N	2.47E	293	19910400	99999999	IN SALAH	DZ
DAOF	60656	27.67N	8.13W	431	19951100	99999999	TINDOUF	DZ
9999	60686	21.33N	0.95E	399	20110000	99999999	BORDJ-BADJ-MOKHTAR	DZ
9999	60680	22.78N	5.52E	1378	0	99999999	TAMANRASSET	DZ
DTTA	60715	36.83N	10.23E	4	0	99999999	TUNIS/CARTHAGE	TN
DTTX	60750	34.72N	10.68E	23	19970500	99999999	SFAX/EL-MAOU	TN
DTTZ	60760	33.92N	8.17E	93	19920100	99999999	TOZEUR/NEFTA	TN
9999	61017	18.68N	12.92E	357	20110101	99999999	BILMA	NR
DRZA	61024	16.97N	7.98E	502	19940900	99999999	AGADEZ SOUTH (MIL)	NE
DRRR	61052	13.48N	2.17E	227	0	99999999	NIAMEY-AERO	NE
DRRB	61075	13.80N	5.25E	273	0	99999999	BIRNI-N'KONNI	NE
9999	61090	13.78N	8.98E	460	20110101	99999999	ZINDER	NR
GATS	61202	20.20N	0.98E	491	0	99999999	TESSALIT	ML
9999	61214	18.43N	1.35E	458	20110101	99999999	KIDAL	MI
GATB	61223	16.72N	3.00W	264	0	99999999	TOMBOUCTOU/TIMBUKTU	ML
9999	61226	16.27N	0.05W	265	20110101	99999999	GAO	MI
GANK	61233	15.17N	7.28W	265	20110101	99999999	NARA	ML
9999	61265	14.52N	4.10W	276	20110101	99999999	MOPTI	MI
GABS	61291	12.53N	7.95W	381	0	99999999	BAMAKO/SENOU (MIL)	ML
GAKO	61293	12.38N	5.47W	367	0	20009999	KOUTIALA	ML
9999	61404	22.75N	12.48W	343	20110101	99999999	ZOUERATE	MT
GQPP	61415	20.93N	17.03W	3	0	99999999	NOUADHIBOU	MR
GQNN	61442	18.10N	15.95W	3	0	99999999	NOUAKCHOTT	MR
9999	61600	16.05N	16.45W	4	20110101	99999999	SAINT-LOUIS	SG
GOOY	61641	14.73N	17.50W	24	19950600	99999999	DAKAR/YOFF	SG
9999	61660	14.67N	17.07	86	20180000	99999999	DAKAR-DIASS-AIBD	SG
GOTT	61687	13.76N	13.68W	50	19950900	99999999	TAMBACOUNDA	SG
GOGG	61695	12.55N	16.27W	23	0	99999999	ZIGUINCHOR	SG
9999	61831	9.57N	13.62W	49	20110101	99999999	CONAKRY	GN
GUCY	61832	9.57N	13.63W	26	19940900	20009999	CONAKRY/GBESSIA	GN
9999	61901	15.97S	5.70W	436	19921100	99999999	ST. HELENA ISLAND	HE
FHAW	61902	7.97S	14.40W	79	19910700	99999999	WIDE AWAKE FIELD	HE
FJDG	61967	7.30S	72.40E	3	19921000	99999999	DIEGO GARCIA	IO
9999	61976	15.88S	54.52E	13	19961100	99999999	SERGE-FROLOW/TROMELIN	RE
FMEE	61980	20.88S	55.52E	20	19900000	99999999	SAINT DENIS	RE
9999	61995	20.30S	57.50E	425	19960400	99999999	VACOAS	MU
9999	61996	37.80S	77.53E	29	0	99999999	MARTIN DE VIVIES	FR
9999	61997	46.43S	51.87E	146	19970100	20009999	ALFRED FAURE/CROZET	FR
9999	61998	49.35S	70.25E	30	19900400	99999999	PORT-AUX-FRANCAIS	FR
HLLT	62010	32.67N	13.15E	81	0	99999999	TRIPOLI INTL ARPT	LY
HLLB	62053	32.08N	20.27E	132	19960300	99999999	BENINA/BENGHAZI	LY
HLLS	62124	27.02N	14.43E	432	0	99999999	SEBHA (AUT)	LY
HEMM	62306	31.33N	27.22E	30	19961000	99999999	MERSA MATRUH (MIL)	EG
HEAR	62337	31.08N	33.75E	32	19960400	99999999	EL ARISH	EG
9999	62378	29.87N	31.33E	141	0	99999999	HELWAN	EG
HESN	62414	23.97N	32.78E	194	0	99999999	ASWAN (CIV/MIL)	EG
9999	62423	27.05N	27.97E	90	19890000	99999999	FARAFRA	EG
9999	62450	29.87N	32.47E	4	0	20009999	EL-SUEZ	EG
HSSS	62721	15.60N	32.55E	380	19930200	99999999	KHARTOUM (CIV/MIL)	SD
9999	62403	26.20N	32.75E	96	0	99999999	SOUTH OF VALLEY UNIV	EG
9999	62423	27.05N	27.97E	92	19950500	99999999	FARAFRA (OASIS)	EG
HAAB	63450	8.98N	38.80E	2355	19930500	99999999	ADDIS ABABA/BOLE	ET
HKLO	63612	3.12N	35.62E	515	19940200	20009999	LODWAR	KE
HUEN	63705	0.05N	32.45E	1155	19960300	99999999	ENTEBBE INTL ARPT	UG
HKGA	63723	0.47S	39.63E	147	19970400	20009999	GARISSA	KE
HKNC	63741	1.30S	36.75E	1798	19950800	99999999	NAIROBI/DAGORETTI	KE
9999	63894	6.88S	39.20E	55	20110101	99999999	DAR ES SALAAM	TN
FSSS	63985	4.68S	55.53E	4	19940500	99999999	SEYCHELLES INTL	SC
FCPP	64400	4.82S	11.90E	17	0	99999999	POINTE-NOIRE	CG
FCBB	64450	4.25S	15.25E	316	19930400	99999999	BRAZZAVILLE/MAYA-MAYA	CG
FCOU	64458	1.62N	16.05E	352	19960300	99999999	OUESSO	CG
FOOL	64500	0.45N	9.42E	15	0	99999999	LIBREVILLE/LEON MBA	GA
FEFF	64650	4.40N	18.52E	366	19960700	99999999	BANGUI/M'POKO (MIL)	CF
FEFR	64655	6.53N	21.98E	584	0	20009999	BRIA	CF
FEFB	64659	5.40N	26.50E	651	0	20009999	OBO	CF
9999	64665	4.32N	21.18E	406	19920600	99999999	MOBAYE	CF
FTTJ	64700	12.13N	15.03E	295	19910500	99999999	NDJAMENA (CIV/MIL)	TD
FTTS	64705	10.48N	16.72E	336	0	20009999	BOUSSO	TD
9999	64750	9.15N	18.38E	365	20110101	99999999	SARH	CD
9999	64860	9.33N	13.38E	241	20180221	20180318	GARDOUA	CM
9999	64870	7.35N	13.57E	1114	0	99999999	NGAOUNDERE	CM
FKAY	64900	5.55N	12.37E	1031	0	20009999	YOKO	CM
FKKD	64910	4.00N	9.70E	9	19960700	99999999	DOUALA (CIV/MIL)	CM
9999	65046	12.05N	8.53E	476	20110101	99999999	KANO	NI
DNAA	65125	9.25N	7.00E	344	20071019	99999999	ABUJA	NI
9999	65202	6.50N	3.83E	19	20160000	99999999	LAGOS OSHODI, LA	NI
9999	65257	6.48N	7.55E	142	20120000	99999999	ENUGU	NI
DBBP	65330	9.35N	2.62E	393	20080000	99999999	PARAKOU	BJ
9999	65306	11.13N	2.93E	292	20110101	99999999	KANDI	BJ
9999	65344	6.35N	2.38E	6	20110101	99999999	COTONOU	BJ
9999	65387	6.17N	1.25E	21	20110101	99999999	LOME	TG
DGLE	65418	9.50N	0.85W	173	20080000	99999999	TAMALE	GH
DHHH	65503	12.35N	1.52W	306	0	99999999	OUAGADOUGOU	BF
9999	65510	11.17N	4.30W	460	20110101	99999999	BOBO-DIOULASSO	HV
DIMN	65548	7.38N	7.52W	340	0	99999999	MAN	CI
DIBK	65555	7.73N	5.07W	376	19950100	20009999	BOUAKE (CIV/MIL)	CI
DIAP	65578	5.25N	3.93W	8	0	99999999	ABIDJAN/PORT BOUET	CI
DITB	65592	4.42N	7.37W	21	0	20009999	TABOU	CI
9999	67002	11.53S	43.27E	29	20110101	99999999	MORONI/HAHAYA	IC
9999	67027	15.67S	46.35E	26	20110101	99999999	MAJUNGA	MG
FMMO	67073	18.05S	44.03E	23	0	20009999	MAINTIRANO	MG
FMMI	67083	18.80S	47.48E	1276	19940900	99999999	ANTANANARIVO/IVATO	MG
9999	67095	18.12S	49.40E	5	20110101	99999999	TAMATAVE	MG
FMSD	67197	25.03S	46.95E	9	0	99999999	FT. DAUPHIN/TOLAGNA	MG
FQCB	67231	14.82S	36.53E	607	0	20009999	CUAMBA	MZ
FQNP	67237	15.09S	39.28E	441	19950900	99999999	NAMPULA	MZ
FQBR	67297	19.80S	34.90E	16	19950900	20009999	BEIRA	MZ
FQMA	67341	25.92S	32.57E	44	19910500	20009999	MAPUTO/MAVALANE	MZ
FLLC	67666	15.42S	28.32E	1280	19911000	99999999	LUSAKA CITY AIRPORT	ZB
9999	67774	17.83S	31.02E	1472	19910700	99999999	HARARE/BELVEDERE	ZW
9999	67964	20.15S	28.62E	1344	19910800	99999999	BULAWAYO/GOETZ	ZW
FBMN	68032	19.98S	23.42E	900	19930200	99999999	MAUN	BW
FBLT	68040	21.42S	25.60E	985	19970300	99999999	LETLHAKANE	BW
9999	68098	22.96S	14.66E	150	20110101	99999999	WALVIS BAY AIRPORT	NM
FAWW	68110	22.57S	17.10E	1725	19910800	99999999	WINDHOEK/EROS(SAAF)	NA
FAPB	68174	23.87S	29.45E	1222	19960300	99999999	PIETERSBURG (SAAF)	ZA
FBSK	68240	24.22S	25.92E	1005	19920200	99999999	SIR SERETSE KHAMA	BW
FAMM	68242	25.78S	25.53E	1277	19951100	20009999	MMABATHO INTL ARPT	ZA
FAPR	68262	25.73S	28.18E	1300	19960100	20009999	PRETORIA (MET)	ZA
FAIR	68263	25.92S	28.22E	1500	19951100	99999999	PRETORIA/IRENE	ZA
9999	68312	26.53S	18.12E	1073	20110101	99999999	KEETMENSHOOP	NM
FBTS	68328	26.05S	22.45E	1000	0	99999999	TSABONG	BW
FAUP	68424	28.40S	21.27E	836	19910500	99999999	UPINGTON/PIERRE VAN	ZA
FABL	68442	29.10S	26.30E	1348	19910500	99999999	BLOEMFONTEIN/HERTZOG	ZA
FABM	68461	28.25S	28.33E	1682	19910500	99999999	BETHLEHEM AIRPORT	ZA
FASB	68512	29.67S	17.87E	1006	19910500	99999999	SPRINGBOK	ZA
9999	68538	30.67S	24.02E	1287	19961000	99999999	DEAAR(UA)	ZA
FADN	68588	29.97S	30.95E	8	0	99999999	DURBAN/LOUIS BOTHA	ZA
FALE	68592	29.61S	31.12E	109	20100000	99999999	KING SHAKA INTL ARPT	ZA
FACT	68816	33.98S	18.60E	42	0	99999999	CAPETOWN/DF MALAN	ZA
FAPE	68842	33.98S	25.60E	60	0	99999999	PORT ELIZABETH	ZA
FAGE	68906	40.35S	9.88W	54	0	99999999	GOUGH ISLAND	ZA
FAME	68994	46.88S	37.87E	22	0	99999999	MARION ISLAND	ZA
KSTA	69990	38.99N	77.50W	88	20100000	99999999	STERLING                  VA	US
SYA	70414	52.72N	174.07E	20	19450301	19501231	SHEMYA ISLAND             AK	US
SYA	70414	52.73N	174.12E	80	19510101	19540620	SHEMYA ISLAND AFB         AK	US
SYA	70414	52.72N	174.10E	34	19580627	19590314	SHEMYA ISLAND NAVY        AK	US
SYA	70414	52.72N	174.10E	40	19590315	19590831	SHEMYA ISLAND NAVY        AK	US
SYA	70414	52.72N	174.10E	37	19590901	19600118	SHEMYA (WB)               AK	US
SYA	70414	52.72N	174.10E	38	19600118	19730426	SHEMYA                    AK	US
SYA	70414	52.72N	174.10E	30	19800101	99999999	SHEMYA                    AK	US
9999	71561	44.23N	79.78W	251	20110101	99999999	EGBERT	CN
CWVK	73033	50.22N	119.27W	555	20180000	99999999	VERNON BRIDGE	CN
9999	74003	40.18N	112.92W	1325	20180000	99999999	DUGWAY PROVING GROUND     UT	US
9999	74004	32.50N	114.00W	231	20100000	99999999	YUMA PROVING GROUND       AZ	US
9999	74393	43.53N	70.10W	7	0	20009999	PORTLAND (LGT-VSL)	US
KNID	74612	35.68N	117.68W	665	20110101	99999999	CHINA LAKE NAF	US
9999	78807	8.97N	79.66W	9	19910300	99999999	ALBROOK AFB/BALBOA	PA
9999	78955	13.15N	59.62W	113	20100000	99999999	CARRIBBEAN MET INSTITUTE	BA
9999	80001	12.58N	81.70W	4	0	99999999	SESQUICENTENARIO	CO
9999	80002	13.37N	81.35W	6	0	20009999	PROVIDENCIA ISLAND	CO
SKBQ	80028	10.88	74.78W	30	20170000	99999999	BARRANQUILLA	CO
SKRH	80035	11.53N	72.93W	4	19950100	99999999	RIOHACHA/ALMIRANTE	CO
SKBG	80094	7.10N	73.20W	1189	20180000	99999999	BUCARAMANGA/PALONEGRO	CO
SKPE	80210	4.82N	75.73W	1342	20190000	99999999	PEREIRA / MATECANA	CO
SKBO	80222	4.70N	74.13W	2548	0	99999999	BOGOTA/ELDORADO	CO
9999	80241	4.55N	70.92W	167	19910400	99999999	GAVIOTAS	CO
SKCL	80259	3.54N	76.38W	969	20160000	99999999	CALI / ALFONSO	CO
SKLT	80398	4.17S	69.95W	84	19930900	99999999	LETICIA/VASQUEZ COBO	CO
SVBS	80413	10.25N	67.65W	437	20080000	99999999	MARACAY	VN
9999	80422	10.67N	63.25W	10	20110101	99999999	CARUPANO	VN
SVCB	80444	8.15N	63.55W	8	20080000	99999999	CIUDAD BOLIVAR	VN
SVSA	80447	7.85N	72.45W	378	20080000	99999999	SAN ANTONIO TACHIRA	VN
SVSR	80450	7.90N	67.42W	48	20080000	99999999	SAN FERNANDO DE APURE	VN
SVSE	80462	4.60N	61.12W	907	20100000	99999999	SANTA ELENA UAIREN	VN
SOCA	81405	4.83N	52.37W	9	19900800	99999999	CAYENNE/ROCHAMBEAU	GF
9999	81729	3.29S	60.63W	21	20140000	99999999	MANACAPURU	BR
9999	82107	0.12S	67.07W	79	20080000	99999999	SAO GABRIEL CACH	BR
SBBV	82022	2.83N	60.70W	140	19880500	99999999	BOA VISTA (CIV/MIL)	BR
SBTS	82025	2.22S	55.93W	325	20060000	99999999	TIRIOS	BR
SBTS	82026	2.22N	55.95W	326	20060000	99999999	TIRIOS	BR
9999	82099	0.05N	51.07W	17	19910500	99999999	MACAPA AIRPORT	BR
SBBE	82193	1.38S	48.48W	16	19900800	99999999	BELEM/VAL DE CAES	BR
9999	82244	2.43S	54.72W	72	20060000	99999999	SANTAREM	BR
9999	82276	2.32S	44.42W	50	0	99999999	ALCANTARA	BR
SBSL	82281	2.60S	44.23W	53	19900800	99999999	SAO LUIS/MARECHAL	BR
SBMN	82332	3.15S	59.98W	84	0	99999999	MANAUS/PONTA PELADA	BR
9999	82397	3.73S	38.55W	19	19911000	99999999	FORTALEZA	BR
SBFN	82400	3.85S	32.42W	56	19960700	99999999	FERNANDO DE NORONHA	BR
9999	82411	4.23S	69.92W	120	20060000	99999999	TABATINGA	BR
9999	82532	5.83S	61.28W	48	20070103	99999999	MANICORE	BR
SBNT	82599	5.92S	35.25W	52	19911000	99999999	NATAL/AUGUSTO SEVER	BR
9999	82678	6.77S	43.02W	138	19900800	99999999	FLORIANO	BR
9999	82705	7.62S	72.67W	170	0	99999999	CRUZERIO DO SUL	BR
SBPV	82824	8.77S	63.92W	88	19911100	99999999	PORTO VELHO(CV/MIL)	BR
9999	82900	8.05S	34.92W	7	19911000	99999999	RECIFE/CURADO	BR
9999	82917	10.00S	67.80W	143	0	20009999	RIO BRANCO	BR
SBAT	82965	9.87S	56.10W	288	19970200	99999999	ALTA FLORESTA	BR
9999	82983	9.38S	40.48W	370	0	99999999	PETROLINA	BR
SBVH	83208	12.73S	60.13W	652	19910700	99999999	VILHENA	BR
9999	83229	13.02S	38.52W	51	19920600	99999999	SALVADOR	BR
SBLP	83288	13.27S	43.42W	458	19951000	99999999	BOM JESUS DA LAPA	BR
SBCY	83362	15.65S	56.10W	182	19970100	99999999	CUIABA/MARECHAL	BR
SBBR	83378	15.87S	47.93W	1061	0	99999999	BRASILIA (CIV/MIL)	BR
9999	83498	17.73S	39.25W	3	19921000	99999999	CARAVELAS	BR
SBUL	83525	18.87S	48.22W	922	20060000	99999999	UBERLANDIA	BR
9999	83554	19.00S	57.67W	142	0	99999999	CORUMBA (AEROPORTO)	BR
9999	83566	19.62S	43.57W	827	19940900	99999999	CONFIS INTNL ARPT	BR
SBCG	83612	20.47S	54.67W	556	19910600	99999999	CAMPO GRANDE INTL	BR
SBVT	83649	20.26S	40.28W	4	20080000	99999999	VITORIA AEROPORTO	BR
9999	83650	20.50S	29.32W	5	0	99999999	TRINDADE ISLAND	BR
9999	83708	22.78S	45.20W	537	0	99999999	GUARATINGUETA	BR
SBGL	83746	22.82S	43.25W	6	19900800	99999999	GALEAO/RIO(CIV/MIL)	BR
9999	82765	7.33S	47.47W	212	19890200	99999999	CAROLINA	BR
9999	82917	10.00S	67.80W	143	19830700	99999999	RIO BRANCO	BR
SBLO	83768	23.33S	51.12W	570	20070310	99999999	LONDRINA AIRPORT	BR
SBMT	83779	23.52S	46.63W	722	19920700	99999999	MARTE (CIV/MIL)	BR
SBSP	83780	23.62S	46.65W	803	0	20009999	SAO PAULO/CONGONHAS	BR
SBFI	83827	25.52S	54.58W	243	19930100	99999999	FOZ DO IGUACU ARPT	BR
SBCT	83840	25.52S	49.17W	908	19900200	99999999	CURITIBA/AFONSO PEN	BR
9999	83899	27.67S	48.55W	5	0	99999999	FLORIANOPOLIS (AEROPORTO)	BR
SBUG	83928	29.78S	57.03W	74	19970100	99999999	URUGUAIANA/RUBEM	BR
SBSM	83937	29.72S	53.70W	85	20060000	99999999	SANTA MARIA AEROPORT	BR
SBPA	83971	30.00S	51.18W	3	19910500	99999999	PORTO ALEGRE/SALGAD	BR
SEST	84008	0.90S	89.60W	6	19910300	99999999	SAN CRISTOBAL ISL	EC
9999	84203	2.15S	79.88W	6	20130000	99999999	GUAYAQUIL AEROPUERTO	EC
9999	84378	3.73S	73.25W	117	0	99999999	MORONA	PE
9999	84416	5.18S	80.60W	52	0	99999999	PIURA GRUP7	PE
SPIM	84628	12.00S	77.12W	13	0	99999999	LIMA/JORGE CHAVEZ	PE
9999	84629	12.15S	77.00W	80	20080000	99999999	LAS PALMAS	PE
SPTU	84658	12.62S	69.20W	266	19900000	99999999	PUERTO MALDONADO	PE
9999	84659	12.63S	69.23W	200	0	99999999	PUERTO MALDONANDO BAMAL	PE
SCFA	85442	23.43S	70.43W	120	19910500	99999999	ANTOFAGASTA/CERRO	CL
SCIP	85469	27.15S	109.42W	47	19910500	99999999	EASTER ISLAND	CL
SCER	85543	32.78S	71.52W	8	19911200	20009999	QUINTERO (MIL)	CL
SCEL	85574	33.38S	70.78W	476	19901200	99999999	PUDAHUEL/ARTURO	CL
SCSN	85586	33.65S	71.62W	75	19910300	99999999	SANTO DOMINGO	CL
SCTE	85799	41.42S	73.08W	86	19910500	99999999	PUERTO MONTT/TEPUAL	CL
SCCI	85934	53.00S	70.85W	37	19901200	99999999	PUNTA ARENAS	CL
9999	86218	25.28S	57.63W	83	20130000	99999999	SILVIO PETTIROSSI AIRPORT	PY
SASA	87047	24.85S	65.48W	1216	19910500	99999999	SALTA AIRPORT	AR
SARE	87155	27.45S	59.05W	52	19900300	99999999	RESISTENCIA AIRPORT	AR
SACO	87344	31.32S	64.22W	474	0	99999999	CORDOBA AIRPORT	AR
SAME	87418	32.83S	68.78W	704	0	99999999	MENDOZA/EL PLUMERIL	AR
SAEZ	87576	34.82S	58.53W	20	19900900	99999999	BUENOS AIRES/EZEIZA	AR
SAZR	87623	36.57S	64.27W	191	19910500	99999999	SANTA ROSA AIRPORT	AR
SAZN	87715	38.95S	68.13W	271	19910500	99999999	NEUQUEN AIRPORT	AR
SAVC	87860	45.78S	67.50W	46	19910500	99999999	COMODORO RIVADAVIA	AR
EGYP	88889	51.82S	58.45W	73	19910900	99999999	MOUNT PLEASANT ARPT	GS
9999	89002	70.67S	8.25W	40	19920400	99999999	VON-NEUMAYER G-BASE	DE
9999	89009	90.00S	0.00W	2830	19920700	99999999	AMUNDSEN-SCOTT	US
9999	89022	75.50S	26.65W	30	19910400	99999999	HALLEY BRI-BASE	GB
9999	89050	62.20S	58.93W	16	19910500	20009999	BELLINGSHAUSEN	RU
9999	89055	64.23S	56.72W	198	19910500	99999999	VICECOMODORO MARAM	AR
9999	89056	62.42S	58.88W	10	20180000	99999999	CENTRO MET. ANTARTICO	AR
9999	89062	67.57S	68.13W	16	19910400	99999999	ROTHERA PT BRI-BASE	GB
9999	89512	70.77S	11.83E	102	19910500	99999999	NOVOLAZAREVSKAJA	RU
9999	89532	69.00S	39.58E	21	19910400	99999999	SYOWA JAPAN-BASE	JP
9999	89564	67.60S	62.88E	16	0	99999999	MAWSON AUS-BASE	AU
9999	89571	68.57S	77.95E	13	19910400	99999999	DAVIS AUS-BASE	AU
9999	89592	66.55S	93.02E	30	19910400	99999999	MIRNYJ SOVIET-BASE	RU
9999	89611	66.28S	110.52E	41	19910400	99999999	CASEY AUS-BASE	AU
9999	89625	75.17E	123.69E	3234	20180000	99999999	CONCORDIA, ANTARCTICA	IY
9999	89642	66.67S	140.02E	43	19910400	99999999	DUMONT D'URVILLE	FR
9999	89662	74.70S	164.10E	80	19970200	99999999	BAIA TERRA NOVA	IT
9999	89664	77.85S	166.67E	34	19910500	99999999	MCMURDO USA-BASE	US
PGAC	91212	13.55N	144.83E	111	19990301	99999999	GUAM,MARIANA IS	UM
PGAC	91217	13.55N	144.83E	111	19930100	19990229	GUAM,MARIANA IS	UM
PTKK	91334	7.47N	151.85E	2	19961100	99999999	TRUK INTL/MOEN ISL	FM
PTPN	91348	6.97N	158.22E	46	19961100	99999999	PONAPE ISLAND	FM
9999	91364	9.40N	167.47E	4	0	99999999	ROI-NAMUR	MH
PKWA	91366	8.73N	167.73E	8	19961100	99999999	KWAJALEIN/BUCHOLZ	MH
PKMJ	91376	7.08N	171.38E	3	19961100	99999999	MAJURO/MARSHALL ISL	MH
PTRO	91408	7.33N	134.48E	33	19961100	99999999	KOROR/PALAU ISLAND	FM
PTYA	91413	9.48N	138.08E	17	19961100	99999999	YAP ISLAND	FM
9999	91517	9.42S	159.97E	56	19910400	99999999	HONIARA	SB
9999	91532	0.53S	166.92	0	20020000	99999999	NAURU ARC-2 (AUS)	SB
NWWN	91592	22.27S	166.45E	72	19960600	99999999	NOUMEA	NC
NGTA	91610	1.35N	172.92E	4	19920400	99999999	TARAWA/BONRIKI INTL	KI
NGFU	91643	8.52S	179.22E	2	19960100	99999999	FUNAFUTI INTL ARPT	TV
NFFN	91680	17.75S	177.45E	18	19960300	99999999	NANDI/NADI INTL	FJ
NTSU	91765	14.33S	170.72W	3	19961100	99999999	PAGO PAGO INTL ARPT	UM
9999	91801	9.00S	158.05W	1	19900900	99999999	PENRHYN ISLAND	CK
NCRG	91843	21.20S	159.82W	7	19910900	99999999	AVARUA/RAROTONGA IL	CK
9999	91925	9.80S	139.03W	52	19960600	99999999	ATUONA	PF
9999	91929	16.45S	151.75W	3	0	20009999	BORA BORA	PF
NTAA	91938	17.55S	149.62W	2	19960700	99999999	TAHITI ISLAND/FAAA	PF
9999	91943	14.48S	145.03W	3	19910900	99999999	TAKAROA ATOLL	PF
9999	91948	23.13S	134.97W	89	19970400	99999999	RIKITEA	PF
NTAT	91954	23.35S	149.48W	3	19970300	99999999	TUBUAI ISLAND	PF
9999	91958	27.62S	144.33W	2	19960300	99999999	RAPA ISLAND	PF
AYPY	92035	9.43S	147.20E	49	19970200	99999999	PORT MORESBY W.O.	PG
9999	92044	2.07S	147.43E	5	19970200	99999999	MOMOTE W.O.	PG
NZWP	93112	36.78S	174.63E	27	19961100	99999999	WHENUAPAI (NZ-AFB)	NZ
9999	93291	38.67S	177.98E	8	20110101	99999999	GISBORNE	NZ
9999	93308	39.02S	174.18E	36	20110101	99999999	NEW PLYMOUTH	NZ
NZPP	93417	40.90S	174.98E	12	19900900	99999999	PARAPARAUMU AERO	NZ
9999	93614	42.72S	170.98E	40	20110101	99999999	HOKITIKA	NZ
9999	93817	45.04S	169.68E	370	20160000	99999999	LAUDER UPPER AIR	NZ
NZNV	93844	46.42S	168.33E	1	19910500	99999999	INVERCARGILL AERO	NZ
NZCI	93986	43.95S	176.57W	48	19950600	99999999	CHATHAM ISL/TUUTA	NZ
NZRN	93997	29.25S	177.92W	49	0	99999999	RAOUL ISL/KERMADEC	NZ
YPDN	94120	12.40S	130.87E	30	19940800	99999999	DARWIN (CIV/MIL)	AU
YDGV	94150	12.27S	136.82E	54	19931100	99999999	GOVE AIRPORT	AU
9999	94170	12.63S	141.90E	0	19950900	99999999	WEIPA AERO	AU
YBRM	94203	17.95S	122.22E	9	19950900	99999999	BROOME AIRPORT	AU
9999	94212	18.23S	127.67E	424	20110101	99999999	HALLS CREEK	AU
9999	94238	19.63S	134.18E	377	20110101	99999999	TENNANT CREEK AIRPORT	AU
YBTL	94294	19.25S	146.75E	6	19940800	99999999	TOWNSVILLE(CIV/MIL)	AU
9999	94299	16.30S	149.98E	9	0	99999999	WILLIS ISLAND	AU
9999	94300	24.88S	113.67E	8	20110101	99999999	CARNARVON AIRPORT	AU
YPLM	94302	22.23S	114.08E	6	19940800	99999999	LEARMOUTH	AU
YPPD	94312	20.37S	118.62E	6	19950900	99999999	PORT HEDLAND ARRT	AU
YBAS	94326	23.80S	133.90E	541	19940800	99999999	ALICE SPRINGS ARPT	AU
YBMA	94332	20.67S	139.48E	344	19931100	99999999	MOUNT ISA AIRPORT	AU
9999	94346	23.47S	144.25E	191	20110101	99999999	LONGREACH	AU
9999	94367	21.12S	149.22E	33	20110101	99999999	MACKAY MO	AU
YBRK	94374	23.38S	150.47E	14	19950900	99999999	ROCKHAMPTON AIRPORT	AU
YPGN	94403	28.78S	114.70E	34	19931100	99999999	GERALDTON AIRPORT	AU
YPMR	94430	26.60S	118.53E	518	19941100	99999999	MEEKATHARRA AIRPORT	AU
9999	94461	25.03S	128.28E	599	19901200	99999999	GILES MET STATION	AU
YBCV	94510	26.40S	146.27E	304	19931100	99999999	CHARLEVILLE ARPT	AU
YBBN	94578	27.38S	153.10E	5	19940800	99999999	BRISBANE INTL ARPT	AU
YPPH	94610	31.93S	115.95E	29	19940800	99999999	PERTH INTL/BELMONT	AU
YPKG	94637	30.77S	121.45E	360	19931100	99999999	KALGOORLIE/BOULDER	AU
9999	94638	33.82S	121.88E	26	19910500	99999999	ESPERANCE	AU
9999	94647	31.67S	128.88E	99	19950800	99999999	EUCLA	AU
9999	94653	32.13S	133.70E	22	20110101	99999999	CENUDA	AU
YPWR	94659	31.13S	136.82E	167	19931100	99999999	WOOMERA (AUS-AFB)	AU
YPAD	94672	34.93S	138.52E	4	19940800	99999999	ADELAIDE INTL ARPT	AU
9999	94693	34.23S	142.08E	52	20110101	99999999	MILDURA AIRPORT	AU
9999	94711	31.48S	145.82E	265	0	99999999	COBAR	AU
9999	94750	34.95S	150.53E	110	20110101	99999999	NOWRA RAN AIR STATION	AU
YSSY	94767	33.95S	151.18E	3	19940800	99999999	SYDNEY INTL AIRPORT	AU
YSWM	94776	32.78S	151.82E	8	19931100	99999999	WILLIAMTOWN(AUS-AB)	AU
9999	94791	30.32S	153.12E	6	20110101	99999999	COFFS HARBOUR MO	AU
YPAL	94802	34.93S	117.80E	69	19931100	99999999	ALBANY AIRPORT	AU
YMMG	94821	37.73S	140.78E	69	19931100	99999999	MOUNT GAMBIER ARPT	AU
YMLV	94865	37.85S	144.73E	21	19940800	20009999	LAVERTON AERO	AU
YMML	94866	37.67S	144.83E	141	19940800	99999999	MELBOURNE INTL ARPT	AU
YSWG	94910	35.15S	147.45E	213	19931100	99999999	WAGGA WAGGA(CV/MIL)	AU
YMHB	94975	42.83S	147.48E	27	19950900	99999999	HOBART AIRPORT	AU
ASLH	94995	31.53S	159.07E	6	19900500	99999999	LORD HOWE ISLAND	AU
YSNF	94996	29.03S	167.93E	109	19950900	99999999	NORFOLK ISLAND ARPT	AU
YMMQ	94998	54.48S	158.93E	6	19931100	99999999	MACQUARIE ISLAND	AU
9999	95527	29.50S	149.83E	214	19951100	99999999	MOREE AMO	AU
9999	96009	5.13N	97.17E	87	20110101	99999999	LHOSEUMAWE	ID
9999	96011	5.52N	95.42E	21	20110101	99999999	BANDA ATJEH/BLANGBINTANG	ID
9999	96015	4.25N	96.12E	90	20110101	99999999	MEULABOH/CUT NYAK DHIEN	ID
WIMM	96035	3.57N	98.68E	25	19930400	99999999	MEDAN/POLONIA (MIL)	ID
9999	96073	1.55N	98.88E	3	20110101	99999999	SIBOLGA/PINANGSORE	ID
9999	96075	1.50N	97.63E	6	20110101	99999999	GUNUNG SITOLI	ID
9999	96091	0.92N	104.53E	18	20110101	99999999	TANJUNGPINANG	ID
9999	96109	0.47N	101.45E	31	20110101	99999999	PAKANBARU	ID
9999	96145	3.20N	106.25E	3	20110101	99999999	TAREMPA	ID
WION	96147	3.95N	108.38E	2	20080000	99999999	RANAI (mil/civ)	ID
WIMG	96163	0.88S	100.35E	3	19900900	99999999	PADANG/TABING	ID
9999	96171	0.43S	102.45E	19	20110101	99999999	RENGAT DJAPURA	ID
9999	96179	0.48S	104.58E	31	20110101	99999999	SINGKEP/DABO	ID
9999	96195	1.63S	103.65E	25	20110101	99999999	DIAMBI PAALMERAH	ID
9999	96207	2.46S	101.22E	782	20180000	99999999	KERINCI/DEPATI PARBO	ID
9999	96221	2.90S	104.70E	10	20110101	99999999	PALEMBANG TALANGBETUTU	ID
WIKK	96237	2.17S	106.13E	33	0	99999999	PANGKAL-PINANG	ID
9999	96249	2.75S	107.75E	44	20110101	99999999	TANDJUNGPANDAN BULUHTUMBANG	ID
9999	96253	3.87S	102.33E	16	20110101	99999999	BENGKULU PADANGKEMILING	ID
9999	96295	5.27S	105.18E	61	20110101	99999999	TELUKBETUNG BRANTI	ID
WBGI	96315	4.93N	114.93E	15	0	99999999	BRUNEI AIRPORT	BN
WBGG	96413	1.48N	110.33E	27	19960300	99999999	KUCHING (CIV/MIL)	MY
WBGS	96421	2.33N	111.83E	8	19900900	20009999	SIBU	MY
WBGB	96441	3.20N	113.03E	5	19910900	99999999	BINTULU/KALIMANTAN	MY
WBKK	96471	5.93N	116.05E	3	19960300	99999999	KOTA KINABALU INTL	MY
WBKW	96481	4.27N	117.88E	20	19910900	99999999	TAWAU/KALIMANTAN IL	MY
WBKS	96491	5.90N	118.07E	13	19910900	99999999	SANDAKAN/KALIMANTAN	MY
9999	96509	3.33N	117.57E	6	20110101	99999999	TANTKAN/DJUWATA	ID
WRLK	96529	2.12N	117.45E	26	20180000	99999999	TANJUNG REDEP/BERAU	ID
9999	96535	1.70S	109.30E	15	20110101	99999999	PALOH	ID
9999	96565	0.88N	112.93E	17	20180000	99999999	PUTUSIBAU	ID
9999	96581	0.15S	109.40E	3	20110101	99999999	PONTIANAK	ID
9999	96595	0.95S	114.90E	60	20110101	99999999	MUARATEWE	ID
9999	96607	0.62S	117.15E	230	20110101	99999999	SAMARINDA	ID
9999	96633	1.27S	116.90E	3	20110101	99999999	BALIKPAPAN SEPINGGAN	ID
9999	96645	2.70S	110.70E	25	20110101	99999999	PANGKALAN	ID
9999	96655	1.00S	114.00E	27	20110101	99999999	PALANGKA RAYA	ID
9999	96685	3.45S	114.75E	20	20110101	99999999	BANDJARMASIN ULIN	ID
9999	96737	6.12S	106.13E	40	20110101	99999999	SERANG	ID
9999	96739	6.23S	106.65E	46	20110101	99999999	CURUG	ID
WIII	96749	6.12S	106.65E	8	19930200	99999999	SOEKARNO-HATTA INTL	ID
9999	96791	6.75S	108.27E	50	20110101	99999999	JATIWANGI	ID
9999	96797	6.85S	109.15E	10	20110101	99999999	TEGAL	ID
9999	96801	7.37S	108.25E	366	20110101	99999999	TASIKMALAYA	ID
9999	96805	7.73S	109.02E	6	20110101	99999999	TJILATJAP	ID
9999	96839	6.98S	110.38E	3	20110101	99999999	SEMARANG KALIBANTENG	ID
9999	96925	5.85S	112.63E	3	20110101	99999999	SANGKAPURA	ID
WRSJ	96935	7.37S	112.77E	3	19930400	99999999	SURABAYA/JUANDA MIL	ID
9999	96973	7.05S	113.97E	3	20110101	99999999	KALIANGET	ID
9999	96987	8.22S	114.38E	5	20110101	99999999	BANYUWANGI	ID
YPCC	96996	12.18S	96.82E	3	19950900	99999999	COCOS ISL INTL ARPT	AU
9999	97008	3.58N	125.47E	38	20110101	99999999	TAHUNA/NAHA	ID
WAMM	97014	1.53N	124.92E	80	19900900	99999999	MENADO/SAM RATULANG	ID
9999	97028	1.02N	120.80E	2	20110101	99999999	TOLI-TOLI/LALOS	ID
9999	97048	0.52N	123.07E	2	20110101	99999999	GORONTALO	ID
WAML	97072	0.68S	119.73E	6	0	99999999	PALU/MUTIARA	ID
9999	97086	0.90S	122.78E	2	20110101	99999999	LUWUK	ID
9999	97096	1.38S	120.73E	2	20110101	99999999	POSO/KASIGUNCU	ID
9999	97120	2.50S	119.00E	8	20110101	99999999	MAJENE	ID
WAAA	97180	5.07S	119.55E	14	19930400	99999999	HASANUDDIN/UJUNG AB	ID
9999	97192	5.47S	122.62E	2	20110101	99999999	BAU BAU	ID
9999	97230	8.75S	115.17E	1	20110101	99999999	DENPASAR	ID
9999	97240	8.57S	116.07E	3	20110101	99999999	AMPENAN	ID
9999	97260	8.52S	117.42E	3	20110101	99999999	SUMBAWA BESAR	ID
9999	97270	8.55S	118.70E	2	20110101	99999999	BIMA/MOHAMMED SALAH	ID
9999	97300	8.50S	122.23E	32	20110101	99999999	MAUMERE	ID
9999	97340	9.67S	120.33E	12	20110101	99999999	MAINGAPU MAUHAU	ID
WRKK	97372	10.17S	123.67E	108	19910500	99999999	KUPANG/EL TARI	ID
9999	97430	0.78N	127.38E	23	20110101	99999999	TERNATE	ID
9999	97460	1.62S	124.55E	3	20110101	99999999	LABUHA/TALIABU	ID
9999	97502	0.93S	131.12E	2	20110101	99999999	SORONG	ID
9999	97530	0.88S	134.05E	3	20110101	99999999	MANOKWARI	ID
WABB	97560	1.18S	136.12E	11	19930400	99999999	BIAK/FRANS KAISIEPO	ID
9999	97600	2.08S	126.00E	2	20110101	99999999	SANANA	ID
9999	97686	4.07S	138.95E	1660	20110101	99999999	WAMENA	ID
9999	97690	2.57S	140.48E	99	20110101	99999999	SENTANI	ID
WAPP	97724	3.70S	128.08E	12	19911000	99999999	AMBON/PATTIMURA	ID
9999	97748	3.88S	130.90E	3	20110101	99999999	GESER	ID
9999	97760	3.67S	133.75E	3	20110101	99999999	KAIMANA, IRIAN BARAT	ID
9999	97810	5.68S	132.75E	12	20110101	99999999	TUAL/DUMATUBUN	ID
WAKT	97876	6.10S	140.30E	16	20180000	99999999	TANAH MERAH	ID
9999	97900	7.98S	131.30E	24	20110101	99999999	SAUMLAKI	ID
WAKK	97980	8.47S	140.38E	3	19940400	99999999	MERAUKE/MOPAH	ID
RPLI	98223	18.18N	120.53E	5	19951100	99999999	LAOAG INTL(PH-ARMY)	PH
RPUT	98233	17.64N	121.73E	21	20170000	99999999	TUGUEGARAO	PH
RPUB	98328	16.37N	120.62E	1501	20140000	99999999	BAGUIO	PH
9999	98433	14.50N	121.35E	614	20100101	99999999	TANAY	PH
RPMP	98444	13.13N	123.73E	17	19951100	99999999	LEGAZPI/LUZON ISL	PH
RPVG	98558	11.04N	125.74E	60	20170000	99999999	GUIUAN	PH
RPVP	98618	9.74N	118.76E	15	20020000	99999999	PUERTO PRINCESA	PH
RPMT	98646	10.30N	123.97E	24	19960700	99999999	MACTAN INTL(CIV/AF)	PH
9999	98747	8.41N	124.61E	188	20140000	99999999	LUMBIA AIRPORT	PH
RPMD	98753	7.12N	125.65E	18	20100101	99999999	DAVAO/FRANCISCO BAN	PH